Year,Player,Tm,G,GS,PPG,RPG,APG,MPG,FG%,3P%,FT%,OFF,DEF,SPG,BPG,TO,PF
2009,Alex Acker,TOT,25.0,0.0,2.9,1.0,0.5,8.0,0.395,0.35,0.5,8.0,16.0,0.2,0.2,0.3,0.4
2009,Alex Acker,DET,7.0,0.0,1.3,0.3,0.1,2.9,0.364,0.0,0.5,0.0,2.0,0.3,0.1,0.0,0.0
2009,Alex Acker,LAC,18.0,0.0,3.5,1.2,0.6,9.9,0.4,0.438,0.5,8.0,14.0,0.2,0.2,0.4,0.5
2009,Hassan Adams,TOR,12.0,0.0,0.9,0.6,0.1,4.3,0.308,0.0,0.5,1.0,6.0,0.1,0.1,0.3,0.3
2009,Arron Afflalo,DET,74.0,8.0,4.9,1.8,0.6,16.7,0.437,0.402,0.817,30.0,104.0,0.4,0.2,0.6,1.9
2009,Maurice Ager,NJN,20.0,0.0,1.7,0.5,0.2,4.8,0.349,0.0,0.5,3.0,7.0,0.0,0.1,0.2,0.8
2009,Blake Ahearn,SAS,3.0,0.0,2.7,0.3,0.7,6.3,0.333,0.5,1.0,0.0,1.0,0.3,0.0,0.3,1.0
2009,Alexis Ajinca,CHA,31.0,4.0,2.3,1.0,0.1,5.9,0.362,0.0,0.714,9.0,21.0,0.2,0.2,0.4,1.1
2009,LaMarcus Aldridge,POR,81.0,81.0,18.1,7.5,1.9,37.1,0.484,0.25,0.781,234.0,371.0,1.0,1.0,1.5,2.6
2009,Joe Alexander,MIL,59.0,0.0,4.7,1.9,0.7,12.1,0.416,0.348,0.699,44.0,71.0,0.3,0.5,0.9,1.8
2009,Malik Allen,MIL,49.0,3.0,3.2,2.1,0.7,11.8,0.429,0.0,0.476,35.0,68.0,0.1,0.2,0.4,1.8
2009,Ray Allen,BOS,79.0,79.0,18.2,3.5,2.8,36.4,0.48,0.409,0.952,66.0,212.0,0.9,0.2,1.7,2.0
2009,Tony Allen,BOS,46.0,2.0,7.8,2.3,1.4,19.3,0.482,0.222,0.725,22.0,82.0,1.2,0.5,1.7,2.1
2009,Morris Almond,UTA,25.0,1.0,3.7,1.4,0.3,10.2,0.407,0.294,0.808,9.0,27.0,0.2,0.2,0.6,1.2
2009,Rafer Alston,TOT,77.0,76.0,11.7,2.9,5.3,31.8,0.385,0.338,0.75,33.0,194.0,1.4,0.1,1.8,1.8
2009,Rafer Alston,HOU,48.0,48.0,11.5,3.0,5.4,33.1,0.37,0.348,0.789,25.0,119.0,1.2,0.1,1.8,1.5
2009,Rafer Alston,ORL,29.0,28.0,12.0,2.9,5.1,29.5,0.413,0.317,0.707,8.0,75.0,1.8,0.1,1.8,2.2
2009,Lou Amundson,PHO,76.0,0.0,4.2,3.6,0.4,13.7,0.536,0.0,0.442,128.0,142.0,0.4,0.9,0.7,2.0
2009,Chris Andersen,DEN,71.0,1.0,6.4,6.2,0.4,20.6,0.548,0.2,0.718,163.0,279.0,0.6,2.5,1.0,2.5
2009,Ryan Anderson,NJN,66.0,30.0,7.4,4.7,0.8,19.9,0.393,0.365,0.845,104.0,207.0,0.7,0.3,1.0,2.4
2009,Carmelo Anthony,DEN,66.0,66.0,22.8,6.8,3.4,34.5,0.443,0.371,0.793,106.0,344.0,1.1,0.4,3.0,3.0
2009,Joel Anthony,MIA,65.0,28.0,2.2,3.0,0.4,16.1,0.483,0.0,0.652,89.0,108.0,0.3,1.4,0.6,2.1
2009,Gilbert Arenas,WAS,2.0,2.0,13.0,4.5,10.0,31.5,0.261,0.286,0.75,1.0,8.0,0.0,0.5,0.5,2.0
2009,Trevor Ariza,LAL,82.0,20.0,8.9,4.3,1.8,24.4,0.46,0.319,0.71,111.0,241.0,1.7,0.3,1.1,2.0
2009,Hilton Armstrong,NOH,70.0,29.0,4.8,2.8,0.4,15.6,0.561,0.0,0.633,81.0,114.0,0.4,0.6,1.1,2.6
2009,Darrell Arthur,MEM,76.0,64.0,5.6,4.6,0.6,19.3,0.438,0.0,0.667,108.0,238.0,0.7,0.7,0.6,2.7
2009,Chucky Atkins,TOT,33.0,0.0,3.0,0.7,1.8,12.5,0.301,0.263,0.938,5.0,19.0,0.3,0.1,0.7,0.8
2009,Chucky Atkins,DEN,14.0,0.0,1.9,0.4,2.0,8.2,0.333,0.294,1.0,0.0,6.0,0.1,0.1,0.7,0.4
2009,Chucky Atkins,OKC,19.0,0.0,3.7,0.9,1.6,15.6,0.291,0.25,0.917,5.0,13.0,0.4,0.1,0.7,1.2
2009,D.J. Augustin,CHA,72.0,12.0,11.8,1.8,3.5,26.5,0.43,0.439,0.893,17.0,116.0,0.6,0.0,1.7,1.9
2009,Kelenna Azubuike,GSW,74.0,51.0,14.4,5.0,1.6,32.1,0.464,0.448,0.808,112.0,258.0,0.8,0.7,1.3,2.5
2009,Renaldo Balkman,DEN,53.0,10.0,5.0,3.8,0.6,14.7,0.558,0.286,0.646,86.0,117.0,0.9,0.4,0.7,1.8
2009,Marcus Banks,TOT,22.0,0.0,2.5,0.8,1.3,9.4,0.368,0.158,0.611,1.0,17.0,0.5,0.1,0.6,1.2
2009,Marcus Banks,MIA,16.0,0.0,2.6,0.9,1.4,10.4,0.385,0.143,0.667,0.0,15.0,0.6,0.1,0.7,1.3
2009,Marcus Banks,TOR,6.0,0.0,2.3,0.5,1.0,6.7,0.333,0.2,0.333,1.0,2.0,0.2,0.0,0.5,0.8
2009,Leandro Barbosa,PHO,70.0,11.0,14.2,2.6,2.3,24.4,0.482,0.375,0.881,34.0,147.0,1.2,0.1,1.3,1.6
2009,J.J. Barea,DAL,79.0,15.0,7.8,2.2,3.4,20.3,0.442,0.357,0.753,36.0,141.0,0.5,0.1,1.3,1.5
2009,Andrea Bargnani,TOR,78.0,59.0,15.4,5.3,1.2,31.4,0.45,0.409,0.831,70.0,346.0,0.4,1.2,1.7,3.1
2009,Matt Barnes,PHO,77.0,40.0,10.2,5.5,2.8,27.0,0.423,0.343,0.743,79.0,342.0,0.7,0.3,1.7,2.7
2009,Brent Barry,HOU,56.0,1.0,3.7,1.7,1.4,15.3,0.407,0.374,0.95,17.0,77.0,0.4,0.1,0.9,0.8
2009,Brandon Bass,DAL,81.0,0.0,8.5,4.5,0.5,19.4,0.496,0.0,0.867,129.0,238.0,0.3,0.7,1.1,1.7
2009,Maceo Baston,IND,27.0,0.0,2.5,1.9,0.3,8.0,0.543,0.0,0.63,22.0,30.0,0.2,0.4,0.4,1.4
2009,Tony Battie,ORL,77.0,3.0,4.8,3.6,0.4,15.6,0.489,0.222,0.659,92.0,186.0,0.3,0.3,0.6,1.5
2009,Shane Battier,HOU,60.0,59.0,7.3,4.8,2.3,33.8,0.41,0.384,0.821,52.0,233.0,0.8,0.9,0.8,1.9
2009,Nicolas Batum,POR,79.0,76.0,5.4,2.8,0.9,18.4,0.446,0.369,0.808,84.0,136.0,0.6,0.5,0.6,1.8
2009,Jerryd Bayless,POR,53.0,0.0,4.3,1.1,1.5,12.4,0.365,0.259,0.806,8.0,49.0,0.3,0.0,1.1,1.5
2009,Michael Beasley,MIA,81.0,19.0,13.9,5.4,1.0,24.8,0.472,0.407,0.772,110.0,329.0,0.5,0.5,1.5,2.3
2009,Marco Belinelli,GSW,42.0,23.0,8.9,1.7,2.1,21.0,0.442,0.397,0.769,10.0,61.0,0.9,0.0,1.4,1.7
2009,Charlie Bell,MIL,70.0,23.0,8.4,1.9,2.2,25.5,0.414,0.363,0.825,32.0,102.0,0.7,0.1,1.1,2.0
2009,Raja Bell,TOT,67.0,66.0,11.9,3.6,2.1,34.6,0.437,0.421,0.853,41.0,202.0,0.7,0.1,1.3,2.5
2009,Raja Bell,PHO,22.0,22.0,9.6,2.9,1.3,32.4,0.429,0.468,0.762,8.0,56.0,0.6,0.1,0.8,2.6
2009,Raja Bell,CHA,45.0,44.0,13.0,4.0,2.5,35.6,0.44,0.395,0.877,33.0,146.0,0.8,0.1,1.5,2.4
2009,Mike Bibby,ATL,79.0,79.0,14.9,3.5,5.0,34.7,0.435,0.39,0.789,38.0,240.0,1.2,0.1,1.6,1.8
2009,Andris Biedrins,GSW,62.0,58.0,11.9,11.2,2.0,30.0,0.578,0.0,0.551,223.0,470.0,1.0,1.5,1.8,3.8
2009,Chauncey Billups,TOT,79.0,79.0,17.7,3.0,6.4,35.3,0.418,0.408,0.913,32.0,207.0,1.2,0.2,2.2,2.0
2009,Chauncey Billups,DET,2.0,2.0,12.5,5.0,7.5,35.0,0.333,0.286,0.9,1.0,9.0,1.5,0.5,2.0,1.5
2009,Chauncey Billups,DEN,77.0,77.0,17.9,3.0,6.4,35.3,0.42,0.41,0.913,31.0,198.0,1.2,0.2,2.2,2.1
2009,Steve Blake,POR,69.0,69.0,11.0,2.5,5.0,31.7,0.428,0.427,0.84,28.0,145.0,1.0,0.1,1.6,1.8
2009,Andray Blatche,WAS,71.0,36.0,10.0,5.3,1.7,24.0,0.471,0.238,0.704,126.0,252.0,0.7,1.0,1.6,3.0
2009,Mark Blount,MIA,20.0,0.0,4.0,2.0,0.2,10.4,0.385,0.407,0.615,10.0,31.0,0.0,0.4,0.7,0.8
2009,Keith Bogans,TOT,65.0,15.0,5.6,3.1,1.0,19.6,0.367,0.339,0.912,31.0,171.0,0.7,0.1,0.6,1.6
2009,Keith Bogans,ORL,36.0,15.0,5.2,3.1,0.9,21.9,0.36,0.333,0.875,15.0,96.0,0.6,0.1,0.5,1.7
2009,Keith Bogans,MIL,29.0,0.0,6.0,3.1,1.1,16.7,0.376,0.348,0.939,16.0,75.0,0.7,0.1,0.8,1.5
2009,Andrew Bogut,MIL,36.0,33.0,11.7,10.2,2.0,31.2,0.577,0.0,0.571,117.0,252.0,0.6,1.0,2.4,3.6
2009,Matt Bonner,SAS,81.0,67.0,8.2,4.8,1.0,23.8,0.496,0.44,0.739,97.0,289.0,0.6,0.3,0.5,2.3
2009,Josh Boone,NJN,62.0,7.0,4.2,4.2,0.5,16.0,0.528,0.0,0.376,104.0,154.0,0.4,0.8,0.5,1.7
2009,Calvin Booth,TOT,8.0,0.0,2.0,1.4,0.0,7.0,0.5,0.0,0.75,5.0,6.0,0.1,0.2,0.1,1.2
2009,Calvin Booth,MIN,1.0,0.0,0.0,1.0,0.0,1.0,0.0,0.0,0.0,1.0,0.0,0.0,0.0,0.0,0.0
2009,Calvin Booth,SAC,7.0,0.0,2.3,1.4,0.0,7.9,0.5,0.0,0.75,4.0,6.0,0.1,0.3,0.1,1.4
2009,Carlos Boozer,UTA,37.0,37.0,16.2,10.4,2.1,32.4,0.49,0.0,0.698,111.0,274.0,1.1,0.2,2.1,3.6
2009,Chris Bosh,TOR,77.0,77.0,22.7,10.0,2.5,38.0,0.487,0.245,0.817,215.0,556.0,0.9,1.0,2.3,2.5
2009,Bruce Bowen,SAS,80.0,10.0,2.7,1.8,0.5,18.8,0.422,0.429,0.538,16.0,129.0,0.4,0.2,0.3,1.5
2009,Ryan Bowen,NOH,21.0,3.0,2.2,1.1,0.4,10.4,0.579,0.0,0.6,10.0,14.0,0.7,0.2,0.2,1.8
2009,Elton Brand,PHI,29.0,23.0,13.8,8.8,1.3,31.7,0.447,0.0,0.676,77.0,177.0,0.6,1.6,2.3,2.7
2009,Corey Brewer,MIN,15.0,8.0,6.2,3.3,1.7,20.5,0.411,0.417,0.737,18.0,31.0,1.0,0.2,0.9,2.5
2009,Ronnie Brewer,UTA,81.0,80.0,13.7,3.7,2.2,32.2,0.508,0.259,0.702,101.0,199.0,1.7,0.4,1.4,1.6
2009,Aaron Brooks,HOU,80.0,35.0,11.2,2.0,3.0,25.0,0.404,0.366,0.866,33.0,124.0,0.6,0.1,1.6,1.9
2009,Andre Brown,CHA,4.0,0.0,1.0,3.0,0.2,10.2,0.143,0.0,1.0,7.0,5.0,0.2,0.0,1.2,2.2
2009,Bobby Brown,TOT,68.0,2.0,5.3,0.8,1.7,13.7,0.392,0.346,0.791,14.0,38.0,0.3,0.0,0.9,1.4
2009,Bobby Brown,SAC,47.0,1.0,5.2,0.8,1.9,14.4,0.381,0.33,0.765,8.0,28.0,0.3,0.0,1.0,1.6
2009,Bobby Brown,MIN,21.0,1.0,5.5,0.8,1.4,12.2,0.416,0.389,0.889,6.0,10.0,0.3,0.1,0.8,1.0
2009,Dee Brown,TOT,19.0,11.0,2.4,1.5,1.9,13.7,0.367,0.292,0.6,7.0,22.0,0.5,0.0,0.9,1.5
2009,Dee Brown,WAS,17.0,11.0,2.4,1.6,1.9,13.7,0.386,0.3,0.333,7.0,21.0,0.6,0.0,0.8,1.3
2009,Dee Brown,PHO,2.0,0.0,2.5,0.5,1.5,14.0,0.2,0.25,1.0,0.0,1.0,0.0,0.0,1.5,3.0
2009,Devin Brown,NOH,63.0,5.0,5.2,1.9,0.9,13.8,0.355,0.289,0.78,31.0,88.0,0.5,0.1,0.9,1.3
2009,Kwame Brown,DET,58.0,30.0,4.2,5.0,0.6,17.2,0.533,0.0,0.516,91.0,199.0,0.4,0.4,0.9,2.4
2009,Shannon Brown,TOT,48.0,0.0,4.2,0.9,0.8,9.9,0.473,0.378,0.821,11.0,33.0,0.5,0.1,0.8,0.9
2009,Shannon Brown,CHA,30.0,0.0,4.8,0.8,0.9,11.4,0.455,0.286,0.8,8.0,16.0,0.6,0.2,1.0,1.1
2009,Shannon Brown,LAL,18.0,0.0,3.2,1.1,0.6,7.6,0.524,0.667,0.889,3.0,17.0,0.2,0.1,0.5,0.5
2009,Kobe Bryant,LAL,82.0,82.0,26.8,5.2,4.9,36.1,0.467,0.351,0.856,90.0,339.0,1.5,0.5,2.6,2.3
2009,Greg Buckner,MEM,63.0,0.0,2.5,2.1,0.9,13.9,0.384,0.255,0.8,32.0,98.0,0.5,0.1,0.6,1.7
2009,Caron Butler,WAS,67.0,67.0,20.8,6.2,4.3,38.6,0.453,0.31,0.858,118.0,296.0,1.6,0.3,3.1,2.5
2009,Rasual Butler,NOH,82.0,74.0,11.2,3.3,0.9,31.9,0.433,0.39,0.782,49.0,222.0,0.6,0.7,0.7,1.9
2009,Andrew Bynum,LAL,50.0,50.0,14.3,8.0,1.4,28.9,0.56,0.0,0.707,137.0,261.0,0.4,1.8,1.7,3.1
2009,Will Bynum,DET,57.0,1.0,7.2,1.3,2.8,14.1,0.456,0.158,0.798,19.0,56.0,0.6,0.0,1.3,1.5
2009,Jose Calderon,TOR,68.0,68.0,12.8,2.9,8.9,34.3,0.497,0.406,0.981,16.0,178.0,1.1,0.1,2.1,1.7
2009,Marcus Camby,LAC,62.0,55.0,10.3,11.1,2.0,31.0,0.512,0.25,0.725,161.0,529.0,0.8,2.1,1.5,2.1
2009,Brian Cardinal,MIN,64.0,4.0,3.0,2.2,1.2,14.2,0.385,0.326,0.857,39.0,103.0,0.6,0.2,0.8,2.1
2009,Rodney Carney,MIN,67.0,6.0,7.2,1.9,0.4,17.9,0.416,0.35,0.758,36.0,90.0,0.7,0.4,0.6,1.4
2009,Matt Carroll,TOT,55.0,10.0,3.0,1.3,0.5,11.2,0.38,0.245,0.84,7.0,62.0,0.4,0.1,0.6,1.2
2009,Matt Carroll,CHA,34.0,10.0,4.1,1.6,0.7,14.0,0.406,0.267,0.789,5.0,50.0,0.5,0.1,0.8,1.6
2009,Matt Carroll,DAL,21.0,0.0,1.2,0.7,0.1,6.7,0.273,0.125,1.0,2.0,12.0,0.1,0.0,0.3,0.7
2009,Anthony Carter,DEN,78.0,5.0,5.3,2.6,4.7,22.9,0.433,0.239,0.731,40.0,165.0,1.2,0.2,2.0,1.8
2009,Vince Carter,NJN,80.0,80.0,20.8,5.1,4.7,36.8,0.437,0.385,0.817,74.0,336.0,1.0,0.5,2.1,2.9
2009,Mario Chalmers,MIA,82.0,82.0,10.0,2.8,4.9,32.0,0.42,0.367,0.767,37.0,191.0,2.0,0.1,2.0,2.9
2009,Tyson Chandler,NOH,45.0,45.0,8.8,8.7,0.5,32.1,0.565,0.0,0.579,163.0,230.0,0.3,1.2,1.6,3.2
2009,Wilson Chandler,NYK,82.0,70.0,14.4,5.4,2.1,33.4,0.432,0.328,0.795,91.0,354.0,0.9,0.9,1.7,3.0
2009,Speedy Claxton,ATL,2.0,0.0,2.5,0.0,1.5,7.5,0.286,0.0,0.5,0.0,0.0,0.0,0.0,0.0,0.5
2009,Jarron Collins,UTA,26.0,3.0,1.5,1.4,0.3,7.7,0.457,0.0,0.727,20.0,17.0,0.1,0.0,0.3,1.3
2009,Jason Collins,MIN,31.0,22.0,1.8,2.3,0.4,13.6,0.314,0.0,0.464,28.0,42.0,0.3,0.4,0.4,2.4
2009,Mardy Collins,TOT,48.0,14.0,5.2,2.2,2.3,18.5,0.425,0.419,0.609,31.0,76.0,0.6,0.2,1.2,1.7
2009,Mardy Collins,NYK,9.0,0.0,2.2,0.9,1.1,8.3,0.348,0.0,0.444,2.0,6.0,0.2,0.0,0.6,0.8
2009,Mardy Collins,LAC,39.0,14.0,5.9,2.5,2.6,20.9,0.433,0.464,0.649,29.0,70.0,0.7,0.3,1.4,1.9
2009,Nick Collison,OKC,71.0,40.0,8.2,6.9,0.9,25.8,0.568,0.0,0.721,181.0,308.0,0.7,0.7,1.0,3.4
2009,Mike Conley,MEM,82.0,61.0,10.9,3.4,4.3,30.6,0.442,0.406,0.817,25.0,251.0,1.1,0.1,1.7,1.8
2009,Brian Cook,TOT,30.0,0.0,2.5,1.1,0.2,5.7,0.368,0.433,0.833,7.0,25.0,0.1,0.1,0.4,0.9
2009,Brian Cook,ORL,21.0,0.0,3.0,1.3,0.2,7.0,0.383,0.44,0.833,6.0,21.0,0.1,0.0,0.5,1.1
2009,Brian Cook,HOU,9.0,0.0,1.3,0.6,0.1,2.8,0.313,0.4,0.0,1.0,4.0,0.0,0.3,0.2,0.3
2009,Daequan Cook,MIA,75.0,4.0,9.1,2.5,0.9,24.4,0.375,0.387,0.875,19.0,170.0,0.5,0.1,0.6,1.7
2009,Jamal Crawford,TOT,65.0,65.0,19.7,3.0,4.4,38.1,0.41,0.36,0.872,23.0,170.0,0.9,0.2,2.3,1.4
2009,Jamal Crawford,NYK,11.0,11.0,19.6,1.5,4.4,35.6,0.432,0.455,0.761,2.0,15.0,0.8,0.0,2.4,1.2
2009,Jamal Crawford,GSW,54.0,54.0,19.7,3.3,4.4,38.6,0.406,0.338,0.889,21.0,155.0,0.9,0.2,2.3,1.5
2009,Joe Crawford,NYK,2.0,0.0,4.5,2.0,0.5,11.5,0.3,0.25,1.0,1.0,3.0,0.5,0.0,0.0,1.0
2009,Javaris Crittenton,TOT,63.0,10.0,5.0,2.6,2.4,18.6,0.46,0.133,0.576,57.0,109.0,0.6,0.1,1.3,1.6
2009,Javaris Crittenton,MEM,7.0,0.0,2.7,0.9,0.7,6.3,0.467,0.0,0.455,4.0,2.0,0.1,0.0,0.4,0.7
2009,Javaris Crittenton,WAS,56.0,10.0,5.3,2.9,2.6,20.2,0.459,0.143,0.593,53.0,107.0,0.7,0.1,1.4,1.7
2009,Austin Croshere,TOT,14.0,0.0,2.9,2.4,0.6,7.1,0.359,0.333,0.583,11.0,23.0,0.1,0.1,0.4,0.4
2009,Austin Croshere,MIL,11.0,0.0,3.3,2.2,0.5,7.0,0.4,0.455,0.636,7.0,17.0,0.1,0.1,0.4,0.4
2009,Austin Croshere,SAS,3.0,0.0,1.3,3.3,1.0,7.7,0.222,0.0,0.0,4.0,6.0,0.0,0.0,0.7,0.3
2009,Eddy Curry,NYK,3.0,0.0,1.7,1.3,0.0,4.0,1.0,0.0,0.333,0.0,4.0,0.0,0.0,0.7,1.7
2009,Samuel Dalembert,PHI,82.0,82.0,6.4,8.5,0.2,24.8,0.498,0.0,0.734,214.0,487.0,0.4,1.8,1.4,3.0
2009,Erick Dampier,DAL,80.0,80.0,5.7,7.1,1.0,23.0,0.65,0.0,0.638,216.0,349.0,0.3,1.2,0.9,2.4
2009,Antonio Daniels,TOT,74.0,9.0,4.1,1.0,2.4,13.8,0.419,0.367,0.8,5.0,72.0,0.4,0.0,0.8,0.7
2009,Antonio Daniels,WAS,13.0,5.0,5.1,1.7,3.6,22.2,0.4,0.455,0.758,0.0,22.0,0.5,0.0,1.0,1.1
2009,Antonio Daniels,NOH,61.0,4.0,3.8,0.9,2.1,12.0,0.424,0.347,0.821,5.0,50.0,0.3,0.0,0.8,0.7
2009,Marquis Daniels,IND,54.0,43.0,13.6,4.6,2.1,31.5,0.451,0.2,0.721,80.0,168.0,1.1,0.5,1.7,2.2
2009,Jermareo Davidson,GSW,14.0,0.0,3.0,2.4,0.1,7.9,0.486,0.0,0.471,10.0,24.0,0.1,0.2,0.4,0.9
2009,Baron Davis,LAC,65.0,60.0,14.9,3.7,7.7,34.6,0.37,0.302,0.757,46.0,192.0,1.7,0.5,3.0,3.0
2009,Glen Davis,BOS,76.0,16.0,7.0,4.0,0.9,21.5,0.442,0.4,0.73,121.0,180.0,0.7,0.2,0.9,3.0
2009,Paul Davis,LAC,27.0,1.0,4.0,2.5,0.4,11.9,0.408,0.0,0.794,28.0,39.0,0.4,0.1,0.5,1.6
2009,Ricky Davis,LAC,36.0,9.0,6.4,1.7,2.3,21.8,0.339,0.315,0.861,9.0,51.0,0.5,0.1,1.1,1.8
2009,Luol Deng,CHI,49.0,46.0,14.1,6.0,1.9,34.0,0.448,0.4,0.796,80.0,215.0,1.2,0.5,1.5,1.7
2009,Boris Diaw,TOT,81.0,59.0,13.2,5.3,4.1,34.0,0.507,0.414,0.687,118.0,314.0,0.8,0.7,2.7,2.5
2009,Boris Diaw,PHO,22.0,0.0,8.3,3.8,2.1,24.5,0.567,0.357,0.692,24.0,60.0,0.5,0.4,1.7,1.8
2009,Boris Diaw,CHA,59.0,59.0,15.1,5.9,4.9,37.6,0.495,0.419,0.686,94.0,254.0,0.8,0.7,3.0,2.8
2009,Yakhouba Diawara,MIA,63.0,21.0,3.4,1.3,0.4,13.5,0.35,0.313,0.526,26.0,56.0,0.2,0.1,0.3,1.2
2009,Travis Diener,IND,55.0,0.0,3.7,1.6,2.2,13.1,0.413,0.39,0.8,6.0,80.0,0.5,0.1,0.4,0.8
2009,Ike Diogu,TOT,29.0,1.0,4.1,1.9,0.1,7.4,0.527,0.5,0.755,26.0,30.0,0.1,0.1,0.4,0.8
2009,Ike Diogu,POR,19.0,0.0,1.4,0.9,0.0,3.8,0.316,0.0,0.75,12.0,5.0,0.1,0.1,0.3,0.5
2009,Ike Diogu,SAC,10.0,1.0,9.2,3.9,0.3,14.2,0.6,0.5,0.758,14.0,25.0,0.2,0.1,0.6,1.4
2009,DeSagana Diop,TOT,75.0,1.0,2.3,3.6,0.4,13.8,0.433,0.0,0.333,114.0,159.0,0.4,0.7,0.5,1.7
2009,DeSagana Diop,DAL,34.0,0.0,1.6,3.5,0.4,13.3,0.379,0.0,0.414,45.0,73.0,0.4,0.7,0.3,1.6
2009,DeSagana Diop,CHA,41.0,1.0,2.8,3.8,0.5,14.2,0.46,0.0,0.27,69.0,86.0,0.4,0.8,0.7,1.8
2009,Juan Dixon,WAS,50.0,6.0,5.2,1.3,2.4,16.3,0.395,0.333,0.872,8.0,59.0,0.7,0.1,1.4,1.5
2009,Keyon Dooling,NJN,77.0,18.0,9.7,2.0,3.5,26.9,0.436,0.421,0.825,24.0,131.0,0.9,0.1,1.4,1.8
2009,Joey Dorsey,HOU,3.0,0.0,0.7,0.3,0.3,2.0,0.5,0.0,0.0,0.0,1.0,0.0,0.0,0.0,0.0
2009,Quincy Douby,TOT,27.0,0.0,4.3,1.2,0.9,11.1,0.382,0.304,0.895,6.0,26.0,0.2,0.2,0.5,1.0
2009,Quincy Douby,SAC,20.0,0.0,4.2,1.2,0.6,11.4,0.341,0.27,0.933,3.0,22.0,0.1,0.2,0.3,1.2
2009,Quincy Douby,TOR,7.0,0.0,4.4,1.0,1.7,10.4,0.545,0.444,0.75,3.0,4.0,0.4,0.0,1.0,0.6
2009,Chris Douglas-Roberts,NJN,44.0,3.0,4.9,1.1,1.2,13.3,0.46,0.25,0.823,14.0,36.0,0.3,0.2,0.7,0.8
2009,Goran Dragic,PHO,55.0,1.0,4.5,1.9,2.0,13.2,0.393,0.37,0.769,33.0,70.0,0.5,0.1,1.3,1.6
2009,Jared Dudley,TOT,68.0,7.0,5.5,3.0,0.8,17.0,0.477,0.392,0.676,82.0,123.0,0.8,0.1,0.6,1.5
2009,Jared Dudley,CHA,20.0,7.0,5.4,3.0,1.0,21.4,0.469,0.375,0.625,25.0,34.0,0.9,0.1,0.5,2.0
2009,Jared Dudley,PHO,48.0,0.0,5.5,3.0,0.8,15.2,0.481,0.394,0.691,57.0,89.0,0.8,0.1,0.7,1.4
2009,Chris Duhon,NYK,79.0,78.0,11.1,3.1,7.2,36.8,0.421,0.391,0.856,45.0,201.0,0.9,0.1,2.8,1.6
2009,Tim Duncan,SAS,75.0,75.0,19.3,10.7,3.5,33.7,0.504,0.0,0.692,201.0,599.0,0.5,1.7,2.2,2.3
2009,Mike Dunleavy,IND,18.0,14.0,15.1,3.8,2.4,27.5,0.401,0.356,0.815,14.0,54.0,0.7,0.5,2.1,2.0
2009,Kevin Durant,OKC,74.0,74.0,25.3,6.5,2.8,39.0,0.476,0.422,0.863,77.0,405.0,1.3,0.7,3.0,1.8
2009,Monta Ellis,GSW,25.0,25.0,19.0,4.3,3.7,35.7,0.451,0.308,0.83,14.0,94.0,1.6,0.3,2.7,2.7
2009,Francisco Elson,MIL,59.0,23.0,3.4,3.9,0.5,16.6,0.491,0.25,0.846,100.0,129.0,0.6,0.6,0.8,2.4
2009,Melvin Ely,NOH,31.0,4.0,3.1,2.1,0.6,12.0,0.389,0.0,0.639,30.0,34.0,0.1,0.3,0.7,1.9
2009,Maurice Evans,ATL,80.0,25.0,7.2,3.0,0.7,23.0,0.432,0.395,0.822,88.0,155.0,0.6,0.1,0.5,2.0
2009,Reggie Evans,PHI,79.0,7.0,3.3,4.6,0.3,14.4,0.444,0.0,0.594,135.0,226.0,0.5,0.1,0.9,2.0
2009,Jordan Farmar,LAL,65.0,0.0,6.4,1.8,2.4,18.3,0.391,0.336,0.584,22.0,95.0,0.9,0.2,1.3,1.6
2009,Desmon Farmer,SAS,3.0,0.0,4.3,2.0,0.7,18.0,0.286,0.25,1.0,0.0,6.0,0.0,0.0,1.3,2.0
2009,Raymond Felton,CHA,82.0,81.0,14.2,3.8,6.7,37.6,0.408,0.285,0.805,54.0,256.0,1.5,0.4,2.8,2.3
2009,Rudy Fernandez,POR,78.0,4.0,10.4,2.7,2.0,25.6,0.425,0.399,0.839,47.0,160.0,0.9,0.2,1.1,1.4
2009,Kyrylo Fesenko,UTA,21.0,1.0,2.3,1.8,0.2,7.4,0.583,0.0,0.333,14.0,23.0,0.3,0.7,0.4,1.7
2009,Michael Finley,SAS,81.0,77.0,9.7,3.3,1.4,28.8,0.437,0.411,0.823,26.0,244.0,0.5,0.2,0.8,1.0
2009,Derek Fisher,LAL,82.0,82.0,9.9,2.3,3.2,29.8,0.424,0.397,0.846,25.0,163.0,1.2,0.1,0.9,2.3
2009,T.J. Ford,IND,74.0,49.0,14.9,3.5,5.3,30.5,0.452,0.337,0.872,59.0,200.0,1.2,0.2,2.4,2.4
2009,Jeff Foster,IND,74.0,26.0,6.1,6.9,1.8,24.7,0.501,0.286,0.658,215.0,293.0,0.7,0.7,1.2,3.1
2009,Randy Foye,MIN,70.0,61.0,16.3,3.1,4.3,35.6,0.407,0.36,0.846,34.0,180.0,1.0,0.4,2.1,2.9
2009,Adonal Foyle,TOT,10.0,0.0,1.7,2.6,0.1,6.2,0.636,0.0,0.5,9.0,17.0,0.0,0.8,0.3,0.5
2009,Adonal Foyle,ORL,9.0,0.0,1.9,2.9,0.1,6.6,0.636,0.0,0.5,9.0,17.0,0.0,0.9,0.3,0.4
2009,Adonal Foyle,MEM,1.0,0.0,0.0,0.0,0.0,3.0,0.0,0.0,0.0,0.0,0.0,0.0,0.0,0.0,1.0
2009,Channing Frye,POR,63.0,1.0,4.2,2.2,0.4,11.8,0.423,0.333,0.722,41.0,99.0,0.3,0.3,0.5,1.7
2009,Dan Gadzuric,MIL,67.0,26.0,4.0,3.8,0.6,14.0,0.48,0.0,0.544,95.0,160.0,0.5,0.6,0.6,2.4
2009,Danilo Gallinari,NYK,28.0,2.0,6.1,2.0,0.5,14.7,0.448,0.444,0.963,13.0,42.0,0.5,0.1,0.5,1.7
2009,Francisco Garcia,SAC,65.0,36.0,12.7,3.4,2.3,30.4,0.444,0.398,0.82,56.0,162.0,1.2,1.0,1.7,3.0
2009,Thomas Gardner,ATL,16.0,0.0,1.5,0.4,0.1,6.1,0.25,0.174,0.5,0.0,7.0,0.2,0.1,0.2,0.2
2009,Kevin Garnett,BOS,57.0,57.0,15.8,8.5,2.5,31.1,0.531,0.25,0.841,78.0,407.0,1.1,1.2,1.6,2.2
2009,Marc Gasol,MEM,82.0,75.0,11.9,7.4,1.7,30.7,0.53,0.0,0.733,201.0,404.0,0.8,1.1,2.0,3.2
2009,Pau Gasol,LAL,81.0,81.0,18.9,9.6,3.5,37.0,0.567,0.5,0.781,262.0,518.0,0.6,1.0,1.9,2.1
2009,Rudy Gay,MEM,79.0,78.0,18.9,5.5,1.7,37.3,0.453,0.351,0.767,109.0,328.0,1.2,0.7,2.6,2.8
2009,Devean George,DAL,43.0,17.0,3.4,1.8,0.3,16.5,0.38,0.289,0.773,25.0,53.0,0.5,0.3,0.4,1.3
2009,Daniel Gibson,CLE,75.0,0.0,7.8,2.1,1.8,23.9,0.391,0.382,0.767,31.0,124.0,0.6,0.2,0.8,2.2
2009,J.R. Giddens,BOS,6.0,0.0,0.7,0.5,0.0,1.3,0.667,0.0,0.0,2.0,1.0,0.2,0.0,0.2,0.2
2009,Eddie Gill,MIL,6.0,0.0,2.3,0.7,1.8,7.2,0.667,0.667,0.0,0.0,4.0,0.5,0.2,0.8,1.7
2009,Manu Ginobili,SAS,44.0,7.0,15.5,4.5,3.6,26.8,0.454,0.33,0.884,24.0,174.0,1.5,0.4,2.0,2.0
2009,Ryan Gomes,MIN,82.0,76.0,13.3,4.8,1.6,31.9,0.431,0.372,0.807,106.0,286.0,0.8,0.3,1.6,2.2
2009,Drew Gooden,TOT,51.0,28.0,11.9,7.1,0.9,24.8,0.468,0.0,0.84,113.0,249.0,0.6,0.4,1.5,2.8
2009,Drew Gooden,CHI,31.0,27.0,13.1,8.6,1.4,29.6,0.457,0.0,0.866,82.0,184.0,0.8,0.5,1.8,3.3
2009,Drew Gooden,SAC,1.0,0.0,12.0,13.0,2.0,26.0,0.556,0.0,1.0,3.0,10.0,0.0,0.0,3.0,2.0
2009,Drew Gooden,SAS,19.0,1.0,9.8,4.4,0.2,16.8,0.49,0.0,0.789,28.0,55.0,0.2,0.2,0.8,2.1
2009,Ben Gordon,CHI,82.0,76.0,20.7,3.5,3.4,36.6,0.455,0.41,0.864,52.0,231.0,0.9,0.3,2.4,2.2
2009,Eric Gordon,LAC,78.0,65.0,16.1,2.6,2.8,34.3,0.456,0.389,0.854,45.0,156.0,1.0,0.4,2.1,2.2
2009,Marcin Gortat,ORL,63.0,3.0,3.8,4.5,0.2,12.6,0.567,1.0,0.578,96.0,190.0,0.3,0.8,0.4,1.8
2009,Joey Graham,TOR,78.0,10.0,7.7,3.7,0.6,19.8,0.481,0.188,0.825,95.0,197.0,0.4,0.2,0.9,2.4
2009,Stephen Graham,IND,52.0,6.0,5.4,1.8,0.6,13.2,0.414,0.303,0.806,21.0,75.0,0.2,0.1,0.9,1.6
2009,Danny Granger,IND,67.0,66.0,25.8,5.1,2.7,36.2,0.447,0.404,0.878,49.0,292.0,1.0,1.4,2.5,3.1
2009,Aaron Gray,CHI,56.0,18.0,3.5,3.9,0.8,12.8,0.485,0.0,0.576,84.0,136.0,0.2,0.3,0.7,2.4
2009,Gerald Green,DAL,38.0,12.0,5.2,1.4,0.4,9.9,0.439,0.304,0.844,14.0,40.0,0.3,0.1,0.9,1.3
2009,Jeff Green,OKC,78.0,78.0,16.5,6.7,2.0,36.8,0.446,0.389,0.788,120.0,399.0,1.0,0.4,2.2,2.6
2009,Willie Green,PHI,81.0,60.0,8.5,1.6,2.0,22.6,0.435,0.317,0.729,29.0,97.0,0.7,0.2,0.8,1.9
2009,Donte Greene,SAC,55.0,4.0,3.8,1.6,0.5,13.2,0.326,0.26,0.853,19.0,67.0,0.3,0.3,0.7,1.2
2009,Hamed Haddadi,MEM,19.0,0.0,2.5,2.5,0.4,6.3,0.484,0.0,0.6,16.0,31.0,0.1,0.6,0.5,1.1
2009,Malik Hairston,SAS,15.0,0.0,3.3,1.9,0.9,10.3,0.49,0.0,0.286,11.0,17.0,0.4,0.5,0.8,1.3
2009,Richard Hamilton,DET,67.0,51.0,18.3,3.1,4.4,34.0,0.447,0.368,0.848,44.0,163.0,0.6,0.1,2.0,2.6
2009,Matt Harpring,UTA,63.0,2.0,4.4,2.0,0.4,11.0,0.461,0.0,0.764,47.0,76.0,0.5,0.1,0.5,1.6
2009,Al Harrington,TOT,73.0,56.0,20.1,6.2,1.4,34.9,0.439,0.364,0.793,99.0,356.0,1.2,0.3,2.2,3.1
2009,Al Harrington,GSW,5.0,5.0,12.4,5.6,2.0,33.2,0.329,0.393,0.5,10.0,18.0,1.4,0.0,1.4,2.8
2009,Al Harrington,NYK,68.0,51.0,20.7,6.3,1.4,35.0,0.446,0.362,0.804,89.0,338.0,1.2,0.3,2.3,3.1
2009,Devin Harris,NJN,69.0,69.0,21.3,3.3,6.9,36.1,0.438,0.291,0.82,30.0,201.0,1.7,0.2,3.1,2.4
2009,Jason Hart,TOT,39.0,2.0,2.0,1.2,1.2,8.9,0.319,0.0,0.783,13.0,33.0,0.3,0.1,0.6,1.0
2009,Jason Hart,LAC,28.0,2.0,2.3,1.5,1.5,11.1,0.298,0.0,0.789,12.0,30.0,0.4,0.1,0.7,1.2
2009,Jason Hart,DEN,11.0,0.0,1.2,0.4,0.5,3.3,0.5,0.0,0.75,1.0,3.0,0.0,0.0,0.3,0.4
2009,Udonis Haslem,MIA,75.0,75.0,10.6,8.2,1.1,34.1,0.518,0.0,0.753,169.0,449.0,0.6,0.3,1.1,2.7
2009,Trenton Hassell,NJN,53.0,31.0,3.7,2.8,1.0,20.6,0.45,0.25,0.8,50.0,96.0,0.4,0.3,0.6,1.7
2009,Spencer Hawes,SAC,77.0,51.0,11.4,7.1,1.9,29.3,0.466,0.348,0.662,148.0,401.0,0.6,1.2,2.1,3.2
2009,Chuck Hayes,HOU,71.0,1.0,1.3,3.5,0.6,12.1,0.372,0.0,0.368,74.0,176.0,0.5,0.3,0.4,1.9
2009,Jarvis Hayes,NJN,74.0,1.0,8.7,3.6,0.7,24.8,0.445,0.385,0.692,27.0,240.0,0.7,0.1,0.7,2.2
2009,Brendan Haywood,WAS,6.0,5.0,9.7,7.3,1.3,29.2,0.48,0.0,0.476,13.0,31.0,0.7,2.5,1.5,2.3
2009,Luther Head,TOT,32.0,4.0,4.7,1.6,1.8,15.6,0.382,0.37,0.792,6.0,46.0,0.5,0.1,0.8,1.2
2009,Luther Head,HOU,22.0,4.0,4.8,1.2,1.6,14.6,0.386,0.368,0.875,3.0,24.0,0.3,0.0,0.7,0.7
2009,Luther Head,MIA,10.0,0.0,4.3,2.5,2.3,17.6,0.372,0.375,0.625,3.0,22.0,1.1,0.1,0.9,2.2
2009,Walter Herrmann,DET,59.0,0.0,3.8,1.8,0.4,10.7,0.396,0.342,0.76,28.0,79.0,0.1,0.1,0.3,0.7
2009,Roy Hibbert,IND,70.0,42.0,7.1,3.5,0.7,14.4,0.471,0.0,0.667,115.0,128.0,0.3,1.1,0.8,3.1
2009,J.J. Hickson,CLE,62.0,0.0,4.0,2.7,0.1,11.4,0.515,0.0,0.672,52.0,113.0,0.2,0.5,0.7,1.3
2009,Nene Hilario,DEN,77.0,76.0,14.6,7.8,1.4,32.6,0.604,0.2,0.723,183.0,415.0,1.2,1.3,1.9,3.6
2009,George Hill,SAS,77.0,7.0,5.7,2.1,1.8,16.5,0.403,0.329,0.781,30.0,128.0,0.6,0.3,1.0,1.9
2009,Grant Hill,PHO,82.0,68.0,12.0,4.9,2.3,29.8,0.523,0.316,0.808,64.0,341.0,1.1,0.7,1.5,2.2
2009,Steven Hill,OKC,1.0,0.0,2.0,3.0,0.0,2.0,1.0,0.0,0.0,2.0,1.0,0.0,0.0,0.0,0.0
2009,Kirk Hinrich,CHI,51.0,4.0,9.9,2.4,3.9,26.3,0.437,0.408,0.791,16.0,107.0,1.3,0.4,1.7,2.5
2009,Ryan Hollins,TOT,45.0,3.0,3.2,2.2,0.2,9.9,0.532,0.0,0.597,46.0,51.0,0.2,0.7,0.5,1.7
2009,Ryan Hollins,CHA,18.0,1.0,3.6,2.0,0.2,10.2,0.543,0.0,0.667,19.0,17.0,0.2,0.9,0.6,1.9
2009,Ryan Hollins,DAL,27.0,2.0,2.9,2.3,0.1,9.6,0.525,0.0,0.515,27.0,34.0,0.1,0.6,0.5,1.6
2009,Al Horford,ATL,67.0,67.0,11.5,9.3,2.4,33.5,0.525,0.0,0.727,145.0,479.0,0.8,1.4,1.5,2.8
2009,Eddie House,BOS,81.0,0.0,8.5,1.9,1.1,18.3,0.445,0.444,0.792,11.0,146.0,0.8,0.1,0.7,1.4
2009,Dwight Howard,ORL,79.0,79.0,20.6,13.8,1.4,35.7,0.572,0.0,0.594,336.0,757.0,1.0,2.9,3.0,3.4
2009,Josh Howard,DAL,52.0,51.0,18.0,5.1,1.6,32.0,0.451,0.345,0.782,59.0,204.0,1.1,0.6,1.7,2.6
2009,Juwan Howard,TOT,42.0,2.0,4.1,1.8,0.6,11.2,0.51,0.0,0.676,30.0,46.0,0.2,0.1,0.6,1.7
2009,Juwan Howard,DEN,3.0,0.0,0.7,1.3,0.7,7.3,0.5,0.0,0.0,1.0,3.0,0.3,0.3,0.0,1.3
2009,Juwan Howard,CHA,39.0,2.0,4.4,1.8,0.6,11.5,0.51,0.0,0.676,29.0,43.0,0.2,0.1,0.7,1.7
2009,Larry Hughes,TOT,55.0,20.0,11.6,2.9,2.2,26.9,0.402,0.389,0.807,16.0,143.0,1.3,0.3,1.3,1.7
2009,Larry Hughes,CHI,30.0,6.0,12.0,3.1,2.0,26.4,0.412,0.392,0.817,6.0,88.0,1.2,0.3,1.2,1.7
2009,Larry Hughes,NYK,25.0,14.0,11.2,2.6,2.4,27.5,0.39,0.385,0.794,10.0,55.0,1.4,0.2,1.4,1.8
2009,Kris Humphries,TOR,29.0,0.0,3.9,2.4,0.3,9.1,0.422,0.0,0.792,24.0,46.0,0.3,0.2,0.3,1.1
2009,Lindsey Hunter,CHI,28.0,0.0,2.6,0.4,1.3,9.5,0.329,0.333,0.6,2.0,10.0,0.7,0.0,0.7,1.0
2009,Othello Hunter,ATL,16.0,0.0,1.4,1.5,0.1,5.8,0.55,0.0,0.0,9.0,15.0,0.1,0.3,0.1,0.7
2009,Andre Iguodala,PHI,82.0,82.0,18.8,5.7,5.3,39.9,0.473,0.307,0.724,92.0,379.0,1.6,0.4,2.7,1.9
2009,Zydrunas Ilgauskas,CLE,65.0,65.0,12.9,7.5,1.0,27.2,0.472,0.385,0.799,157.0,333.0,0.4,1.3,1.4,2.8
2009,Didier Ilunga-Mbenga,LAL,23.0,0.0,2.7,1.3,0.4,7.9,0.474,0.0,0.875,9.0,22.0,0.4,1.0,0.6,1.4
2009,Allen Iverson,TOT,57.0,53.0,17.5,3.0,5.0,36.7,0.417,0.283,0.781,30.0,143.0,1.5,0.1,2.6,1.5
2009,Allen Iverson,DEN,3.0,3.0,18.7,2.7,6.7,41.0,0.45,0.25,0.72,3.0,5.0,1.0,0.3,3.3,1.0
2009,Allen Iverson,DET,54.0,50.0,17.4,3.1,4.9,36.5,0.416,0.286,0.786,27.0,138.0,1.6,0.1,2.5,1.5
2009,Royal Ivey,PHI,71.0,0.0,3.0,1.1,0.6,12.1,0.332,0.342,0.791,19.0,57.0,0.5,0.1,0.3,1.1
2009,Jarrett Jack,IND,82.0,53.0,13.1,3.4,4.1,33.1,0.453,0.353,0.852,44.0,232.0,1.1,0.2,2.2,2.2
2009,Bobby Jackson,SAC,71.0,10.0,7.5,2.8,2.0,20.9,0.398,0.305,0.851,42.0,158.0,0.9,0.1,0.9,1.4
2009,Darnell Jackson,CLE,51.0,2.0,1.9,1.7,0.2,8.4,0.43,0.0,0.686,32.0,55.0,0.2,0.1,0.3,1.5
2009,Stephen Jackson,GSW,59.0,59.0,20.7,5.1,6.5,39.6,0.414,0.338,0.826,70.0,233.0,1.5,0.5,3.9,2.6
2009,Jerome James,NYK,2.0,0.0,3.0,1.5,0.0,5.0,0.375,0.0,0.0,1.0,2.0,0.5,0.5,0.5,1.0
2009,LeBron James,CLE,81.0,81.0,28.4,7.6,7.2,37.7,0.489,0.344,0.78,106.0,507.0,1.7,1.1,3.0,1.7
2009,Mike James,TOT,61.0,50.0,8.7,2.2,3.3,27.0,0.383,0.375,0.829,25.0,108.0,0.7,0.1,1.5,1.8
2009,Mike James,NOH,8.0,0.0,2.5,0.9,1.0,9.2,0.32,0.75,0.5,1.0,6.0,0.2,0.0,0.4,0.9
2009,Mike James,WAS,53.0,50.0,9.6,2.4,3.6,29.7,0.387,0.367,0.838,24.0,102.0,0.8,0.1,1.7,1.9
2009,Antawn Jamison,WAS,81.0,81.0,22.2,8.9,1.9,38.2,0.468,0.351,0.754,196.0,525.0,1.2,0.3,1.5,2.7
2009,Marko Jaric,MEM,53.0,0.0,2.6,1.2,1.4,11.4,0.331,0.393,0.707,23.0,42.0,0.5,0.2,0.9,1.2
2009,Nathan Jawai,TOR,6.0,0.0,0.3,0.3,0.0,3.2,0.25,0.0,0.0,1.0,1.0,0.0,0.0,0.3,0.5
2009,Al Jefferson,MIN,50.0,50.0,23.1,11.0,1.6,36.7,0.497,0.0,0.738,172.0,376.0,0.8,1.7,1.8,2.8
2009,Dontell Jefferson,CHA,6.0,0.0,4.8,2.0,1.5,14.0,0.5,0.5,0.667,1.0,11.0,0.7,0.2,1.0,1.5
2009,Richard Jefferson,MIL,82.0,82.0,19.6,4.6,2.4,35.8,0.439,0.397,0.805,57.0,317.0,0.8,0.2,2.0,3.1
2009,Jared Jeffries,NYK,56.0,36.0,5.3,4.1,1.4,23.4,0.44,0.083,0.611,128.0,103.0,0.8,0.6,1.2,2.7
2009,Yi Jianlian,NJN,61.0,52.0,8.6,5.3,1.0,23.3,0.382,0.343,0.772,67.0,259.0,0.5,0.6,1.1,2.6
2009,Amir Johnson,DET,62.0,24.0,3.5,3.7,0.3,14.7,0.595,0.0,0.657,102.0,130.0,0.3,1.0,0.5,2.8
2009,Anthony Johnson,ORL,80.0,12.0,5.3,1.8,2.5,18.5,0.404,0.391,0.753,29.0,118.0,0.6,0.1,1.0,1.4
2009,Joe Johnson,ATL,79.0,79.0,21.4,4.4,5.8,39.5,0.437,0.36,0.826,65.0,281.0,1.1,0.2,2.5,2.2
2009,Linton Johnson,TOT,10.0,0.0,0.9,0.8,0.2,5.5,0.364,0.5,0.0,3.0,5.0,0.1,0.0,0.2,0.7
2009,Linton Johnson,CHA,2.0,0.0,0.0,0.0,0.0,6.5,0.0,0.0,0.0,0.0,0.0,0.0,0.0,0.0,0.5
2009,Linton Johnson,CHI,8.0,0.0,1.1,1.0,0.2,5.2,0.364,0.5,0.0,3.0,5.0,0.1,0.0,0.2,0.8
2009,Trey Johnson,CLE,4.0,0.0,1.0,0.2,0.0,3.5,0.0,0.0,1.0,0.0,1.0,0.0,0.0,0.2,1.0
2009,Dahntay Jones,DEN,79.0,71.0,5.4,2.1,1.0,18.1,0.458,0.647,0.728,58.0,110.0,0.6,0.2,0.9,2.5
2009,Damon Jones,MIL,18.0,0.0,1.8,0.3,0.4,6.0,0.324,0.393,0.0,0.0,6.0,0.2,0.0,0.3,0.2
2009,Dwayne Jones,CHA,6.0,0.0,2.0,2.0,0.0,8.7,0.571,0.0,0.667,6.0,6.0,0.0,0.2,0.7,1.0
2009,Fred Jones,LAC,52.0,21.0,7.3,2.4,3.6,28.8,0.407,0.367,0.815,23.0,103.0,1.0,0.2,1.3,2.2
2009,James Jones,MIA,40.0,1.0,4.2,1.6,0.5,15.8,0.369,0.344,0.839,12.0,50.0,0.3,0.4,0.3,1.4
2009,Solomon Jones,ATL,63.0,0.0,3.0,2.3,0.2,10.7,0.604,0.5,0.716,52.0,90.0,0.1,0.5,0.4,2.0
2009,DeAndre Jordan,LAC,53.0,13.0,4.3,4.5,0.2,14.5,0.633,0.0,0.385,72.0,165.0,0.2,1.1,0.8,1.8
2009,Chris Kaman,LAC,31.0,24.0,12.0,8.0,1.5,29.7,0.528,0.0,0.68,75.0,172.0,0.5,1.5,2.7,3.0
2009,Jason Kapono,TOR,80.0,12.0,8.2,2.0,1.3,22.9,0.432,0.428,0.81,26.0,137.0,0.3,0.0,0.9,1.8
2009,Jason Kidd,DAL,81.0,81.0,9.0,6.2,8.7,35.6,0.416,0.406,0.819,85.0,415.0,2.0,0.5,2.3,2.1
2009,Tarence Kinsey,CLE,50.0,3.0,2.0,0.8,0.2,5.5,0.449,0.389,0.868,10.0,28.0,0.2,0.0,0.4,0.7
2009,Andrei Kirilenko,UTA,67.0,10.0,11.6,4.8,2.6,27.3,0.449,0.274,0.785,84.0,235.0,1.2,1.1,1.8,1.9
2009,Linas Kleiza,DEN,82.0,7.0,9.9,4.0,0.8,22.2,0.447,0.326,0.725,92.0,235.0,0.4,0.2,1.0,1.9
2009,Brevin Knight,UTA,74.0,0.0,2.4,1.2,2.6,12.7,0.349,0.0,0.75,13.0,75.0,0.9,0.1,0.9,1.3
2009,Kyle Korver,UTA,78.0,2.0,9.0,3.3,1.8,24.0,0.438,0.386,0.882,35.0,223.0,0.6,0.4,1.2,2.2
2009,Kosta Koufos,UTA,48.0,7.0,4.7,2.9,0.4,11.8,0.508,0.0,0.706,50.0,88.0,0.2,0.6,0.5,1.5
2009,Nenad Krstic,OKC,46.0,29.0,9.7,5.5,0.6,24.8,0.469,0.0,0.797,85.0,168.0,0.5,1.1,1.0,2.5
2009,Rob Kurz,GSW,40.0,5.0,3.9,2.0,0.5,11.0,0.389,0.395,0.8,33.0,48.0,0.4,0.5,0.4,2.0
2009,Carl Landry,HOU,69.0,0.0,9.2,5.0,0.6,21.3,0.574,0.333,0.813,124.0,219.0,0.4,0.4,1.0,2.4
2009,Acie Law,ATL,55.0,1.0,2.9,1.1,1.6,10.2,0.374,0.31,0.817,6.0,52.0,0.2,0.1,0.5,0.8
2009,Courtney Lee,ORL,77.0,42.0,8.4,2.3,1.2,25.2,0.45,0.404,0.83,18.0,160.0,1.0,0.2,0.9,2.0
2009,David Lee,NYK,81.0,74.0,16.0,11.7,2.1,34.9,0.549,0.0,0.755,256.0,695.0,1.0,0.3,1.9,3.2
2009,Rashard Lewis,ORL,79.0,79.0,17.7,5.7,2.6,36.2,0.439,0.397,0.836,92.0,361.0,1.0,0.6,2.0,2.5
2009,Shaun Livingston,TOT,12.0,1.0,5.9,2.3,1.7,19.2,0.517,0.0,0.9,3.0,25.0,0.6,0.2,0.8,1.0
2009,Shaun Livingston,MIA,4.0,0.0,2.2,0.5,1.0,10.2,0.375,0.0,0.75,0.0,2.0,0.5,0.0,0.8,1.0
2009,Shaun Livingston,OKC,8.0,1.0,7.8,3.2,2.0,23.8,0.538,0.0,1.0,3.0,23.0,0.6,0.2,0.8,1.0
2009,Brook Lopez,NJN,82.0,75.0,13.0,8.1,1.0,30.5,0.531,0.0,0.793,225.0,440.0,0.5,1.8,1.8,3.1
2009,Robin Lopez,PHO,60.0,7.0,3.2,2.0,0.1,10.2,0.518,0.0,0.691,52.0,66.0,0.2,0.7,0.5,1.6
2009,Kevin Love,MIN,81.0,37.0,11.1,9.1,1.0,25.3,0.459,0.105,0.789,274.0,460.0,0.4,0.6,1.5,2.5
2009,Kyle Lowry,TOT,77.0,21.0,7.6,2.5,3.6,21.8,0.435,0.255,0.801,26.0,163.0,0.9,0.2,1.5,1.9
2009,Kyle Lowry,MEM,49.0,21.0,7.6,2.3,3.6,21.9,0.412,0.246,0.801,13.0,98.0,1.0,0.2,1.6,1.8
2009,Kyle Lowry,HOU,28.0,0.0,7.6,2.8,3.5,21.7,0.475,0.276,0.8,13.0,65.0,0.8,0.3,1.4,2.0
2009,Tyronn Lue,TOT,44.0,0.0,4.2,1.0,1.4,11.8,0.438,0.435,0.737,6.0,40.0,0.2,0.0,0.5,1.2
2009,Tyronn Lue,MIL,30.0,0.0,4.7,1.2,1.5,13.1,0.454,0.467,0.75,6.0,29.0,0.2,0.0,0.7,1.4
2009,Tyronn Lue,ORL,14.0,0.0,3.0,0.8,1.0,9.2,0.395,0.353,0.667,0.0,11.0,0.1,0.0,0.1,0.9
2009,Mark Madsen,MIN,19.0,1.0,0.3,0.9,0.2,6.1,0.214,0.0,0.0,10.0,8.0,0.1,0.1,0.2,0.9
2009,Corey Maggette,GSW,51.0,19.0,18.6,5.5,1.8,31.1,0.461,0.253,0.824,49.0,233.0,0.9,0.2,2.4,3.8
2009,Jamaal Magloire,MIA,55.0,12.0,2.9,4.0,0.4,12.9,0.496,0.0,0.483,82.0,140.0,0.2,0.5,0.6,2.2
2009,Stephon Marbury,BOS,23.0,4.0,3.8,1.2,3.3,18.0,0.342,0.24,0.462,2.0,26.0,0.4,0.1,1.6,1.5
2009,Shawn Marion,TOT,69.0,68.0,12.9,8.5,2.0,35.8,0.485,0.189,0.796,180.0,409.0,1.3,1.0,1.5,1.9
2009,Shawn Marion,MIA,42.0,41.0,12.0,8.7,1.8,36.1,0.482,0.2,0.788,107.0,258.0,1.4,1.1,1.3,2.2
2009,Shawn Marion,TOR,27.0,27.0,14.3,8.3,2.3,35.3,0.488,0.154,0.806,73.0,151.0,1.1,0.8,1.8,1.5
2009,Sean Marks,NOH,60.0,5.0,3.2,3.1,0.2,14.0,0.485,0.2,0.682,62.0,125.0,0.1,0.6,0.6,2.0
2009,Donyell Marshall,PHI,25.0,0.0,3.8,1.6,0.6,7.6,0.452,0.455,0.5,6.0,34.0,0.2,0.2,0.2,1.0
2009,Cartier Martin,CHA,33.0,1.0,2.6,1.0,0.4,8.1,0.364,0.303,0.8,7.0,26.0,0.2,0.1,0.3,1.0
2009,Kenyon Martin,DEN,66.0,66.0,11.7,6.0,2.0,32.0,0.491,0.368,0.604,81.0,314.0,1.5,1.1,1.6,3.0
2009,Kevin Martin,SAC,51.0,46.0,24.6,3.6,2.7,38.2,0.42,0.415,0.867,29.0,154.0,1.2,0.2,2.9,2.3
2009,Desmond Mason,OKC,39.0,19.0,7.5,4.0,1.2,27.3,0.435,0.0,0.541,41.0,116.0,0.4,0.8,1.4,2.5
2009,Roger Mason,SAS,82.0,71.0,11.8,3.1,2.1,30.4,0.425,0.421,0.89,16.0,235.0,0.5,0.1,1.2,2.0
2009,Jason Maxiell,DET,78.0,4.0,5.8,4.2,0.3,18.1,0.575,0.0,0.532,169.0,155.0,0.3,0.8,0.6,2.0
2009,Sean May,CHA,24.0,12.0,3.9,2.9,0.4,12.5,0.398,1.0,0.7,20.0,49.0,0.2,0.2,1.1,1.3
2009,O.J. Mayo,MEM,82.0,82.0,18.5,3.8,3.2,38.0,0.438,0.384,0.879,56.0,252.0,1.1,0.2,2.8,2.5
2009,Luc Mbah,MIL,82.0,52.0,7.2,5.9,1.1,25.8,0.462,0.0,0.729,189.0,298.0,1.1,0.5,1.2,2.5
2009,Rashad McCants,TOT,58.0,3.0,9.6,1.9,1.2,19.0,0.393,0.333,0.759,21.0,89.0,0.8,0.2,1.1,1.8
2009,Rashad McCants,MIN,34.0,2.0,9.1,1.9,0.9,18.7,0.36,0.319,0.741,11.0,52.0,0.8,0.2,1.3,1.9
2009,Rashad McCants,SAC,24.0,1.0,10.2,2.0,1.5,19.4,0.444,0.357,0.783,10.0,37.0,0.8,0.3,0.8,1.7
2009,Antonio McDyess,DET,62.0,30.0,9.6,9.8,1.3,30.1,0.51,0.0,0.698,185.0,422.0,0.7,0.8,0.8,3.1
2009,JaVale McGee,WAS,75.0,14.0,6.5,3.9,0.3,15.2,0.494,0.0,0.66,120.0,174.0,0.4,1.0,0.8,2.1
2009,Tracy McGrady,HOU,35.0,35.0,15.6,4.4,5.0,33.7,0.388,0.376,0.801,20.0,134.0,1.2,0.4,2.0,1.1
2009,Dominic McGuire,WAS,79.0,57.0,4.5,5.4,2.5,26.2,0.432,0.5,0.725,113.0,315.0,0.8,0.9,1.2,1.9
2009,Josh McRoberts,IND,33.0,0.0,2.4,2.2,0.5,8.5,0.422,0.0,0.769,26.0,48.0,0.4,0.5,0.4,1.2
2009,Pops Mensah-Bonsu,TOT,22.0,0.0,5.0,5.1,0.3,12.9,0.379,0.0,0.688,55.0,58.0,0.4,0.2,0.9,2.0
2009,Pops Mensah-Bonsu,SAS,3.0,0.0,5.0,3.3,0.0,6.7,0.714,0.0,0.714,5.0,5.0,0.3,0.3,0.7,2.0
2009,Pops Mensah-Bonsu,TOR,19.0,0.0,5.1,5.4,0.3,13.8,0.354,0.0,0.683,50.0,53.0,0.4,0.2,0.9,1.9
2009,Chris Mihm,LAL,18.0,0.0,2.0,1.9,0.6,5.8,0.375,0.0,0.857,15.0,19.0,0.1,0.3,0.6,1.3
2009,C.J. Miles,UTA,72.0,72.0,9.1,2.3,1.5,22.5,0.459,0.352,0.876,45.0,122.0,0.6,0.2,0.9,2.6
2009,Darius Miles,MEM,34.0,0.0,3.5,1.7,0.5,8.8,0.485,0.167,0.742,19.0,38.0,0.3,0.6,0.6,0.9
2009,Darko Milicic,MEM,61.0,15.0,5.5,4.3,0.6,17.0,0.515,0.0,0.562,83.0,181.0,0.4,0.8,0.8,2.2
2009,Andre Miller,PHI,82.0,82.0,16.3,4.5,6.5,36.3,0.473,0.283,0.826,123.0,245.0,1.3,0.2,2.4,2.4
2009,Brad Miller,TOT,70.0,43.0,11.9,7.8,3.3,30.0,0.476,0.411,0.824,150.0,395.0,0.7,0.5,1.9,3.2
2009,Brad Miller,SAC,43.0,43.0,11.9,8.0,3.4,31.5,0.474,0.465,0.801,83.0,261.0,0.7,0.6,1.9,3.1
2009,Brad Miller,CHI,27.0,0.0,11.8,7.4,3.2,27.6,0.478,0.231,0.853,67.0,134.0,0.8,0.4,1.7,3.3
2009,Mike Miller,MIN,73.0,47.0,9.9,6.6,4.5,32.3,0.482,0.378,0.732,73.0,410.0,0.4,0.4,2.0,1.9
2009,Paul Millsap,UTA,76.0,38.0,13.5,8.6,1.8,30.1,0.534,0.0,0.699,251.0,403.0,1.0,1.0,1.7,3.8
2009,Yao Ming,HOU,77.0,77.0,19.7,9.9,1.8,33.6,0.548,1.0,0.866,204.0,557.0,0.4,1.9,3.0,3.3
2009,Cuttino Mobley,LAC,11.0,11.0,13.7,2.6,1.1,33.2,0.432,0.343,0.722,9.0,20.0,1.4,0.2,1.6,1.9
2009,Nazr Mohammed,CHA,39.0,1.0,2.7,2.0,0.2,8.7,0.406,0.0,0.55,35.0,44.0,0.1,0.4,0.6,1.6
2009,Jamario Moon,TOT,80.0,60.0,7.2,4.6,1.2,25.8,0.468,0.355,0.85,58.0,307.0,1.1,0.8,0.5,1.7
2009,Jamario Moon,TOR,54.0,39.0,7.3,4.6,1.3,25.5,0.473,0.345,0.846,48.0,201.0,1.2,0.8,0.6,1.6
2009,Jamario Moon,MIA,26.0,21.0,7.1,4.5,1.0,26.5,0.459,0.37,0.867,10.0,106.0,0.8,0.6,0.5,1.8
2009,Mikki Moore,TOT,70.0,20.0,3.9,3.7,0.8,17.2,0.553,0.0,0.787,76.0,182.0,0.2,0.3,0.7,3.0
2009,Mikki Moore,SAC,46.0,20.0,3.5,3.3,0.6,16.2,0.521,0.0,0.81,45.0,107.0,0.3,0.3,0.6,2.4
2009,Mikki Moore,BOS,24.0,0.0,4.8,4.4,1.0,19.0,0.6,0.0,0.737,31.0,75.0,0.2,0.2,0.9,4.0
2009,Randolph Morris,ATL,23.0,0.0,0.8,0.9,0.1,3.9,0.412,0.0,1.0,4.0,16.0,0.1,0.0,0.3,1.1
2009,Adam Morrison,TOT,52.0,5.0,4.0,1.5,0.8,13.7,0.359,0.333,0.739,18.0,62.0,0.2,0.1,0.6,1.5
2009,Adam Morrison,CHA,44.0,5.0,4.5,1.6,0.9,15.2,0.36,0.337,0.762,16.0,56.0,0.2,0.1,0.7,1.7
2009,Adam Morrison,LAL,8.0,0.0,1.2,1.0,0.4,5.5,0.333,0.25,0.5,2.0,6.0,0.0,0.0,0.4,0.5
2009,Anthony Morrow,GSW,67.0,17.0,10.1,3.0,1.2,22.6,0.478,0.467,0.87,78.0,121.0,0.5,0.2,0.8,1.9
2009,Troy Murphy,IND,73.0,73.0,14.3,11.8,2.4,34.0,0.475,0.45,0.826,146.0,715.0,0.8,0.5,1.6,3.1
2009,Ronald Murray,ATL,80.0,2.0,12.2,2.1,2.0,24.7,0.447,0.36,0.76,22.0,146.0,1.1,0.2,1.6,2.2
2009,Dikembe Mutombo,HOU,9.0,2.0,1.8,3.7,0.0,10.7,0.385,0.0,0.667,12.0,21.0,0.0,1.2,0.7,1.2
2009,Eduardo Najera,NJN,27.0,0.0,2.9,2.5,0.7,11.8,0.446,0.2,0.364,17.0,50.0,0.4,0.1,0.7,1.9
2009,Steve Nash,PHO,74.0,74.0,15.7,3.0,9.7,33.6,0.503,0.439,0.933,19.0,204.0,0.7,0.1,3.4,1.5
2009,DeMarcus Nelson,GSW,13.0,5.0,4.1,1.8,1.0,13.2,0.444,0.0,0.357,6.0,18.0,0.7,0.2,1.2,1.8
2009,Jameer Nelson,ORL,42.0,42.0,16.7,3.5,5.4,31.2,0.503,0.453,0.887,20.0,125.0,1.2,0.1,2.0,2.9
2009,Rasho Nesterovic,IND,70.0,19.0,6.8,3.4,1.6,17.3,0.513,0.0,0.781,93.0,147.0,0.4,0.5,0.9,2.4
2009,Demetris Nichols,TOT,4.0,0.0,1.8,0.5,0.2,3.5,0.333,0.0,0.5,0.0,2.0,0.0,0.2,0.0,0.2
2009,Demetris Nichols,CHI,2.0,0.0,1.0,0.0,0.5,2.5,0.25,0.0,0.0,0.0,0.0,0.0,0.0,0.0,0.5
2009,Demetris Nichols,NYK,2.0,0.0,2.5,1.0,0.0,4.5,0.4,0.0,0.5,0.0,2.0,0.0,0.5,0.0,0.0
2009,Joakim Noah,CHI,80.0,55.0,6.7,7.6,1.3,24.2,0.556,0.0,0.676,244.0,362.0,0.6,1.4,1.0,3.0
2009,Andres Nocioni,TOT,76.0,18.0,11.4,4.8,1.3,26.2,0.427,0.399,0.792,54.0,307.0,0.5,0.4,1.5,3.4
2009,Andres Nocioni,CHI,53.0,2.0,10.4,4.2,1.1,24.1,0.414,0.378,0.806,34.0,188.0,0.5,0.3,1.4,3.3
2009,Andres Nocioni,SAC,23.0,16.0,13.7,6.0,1.8,31.0,0.448,0.441,0.763,20.0,119.0,0.6,0.7,1.7,3.7
2009,Steve Novak,LAC,71.0,3.0,6.9,1.8,0.6,16.4,0.444,0.416,0.913,19.0,106.0,0.3,0.1,0.3,1.0
2009,Dirk Nowitzki,DAL,81.0,81.0,25.9,8.4,2.4,37.7,0.479,0.359,0.89,88.0,593.0,0.8,0.8,1.9,2.2
2009,Patrick O'Bryant,TOT,39.0,3.0,2.6,1.7,0.3,6.5,0.536,0.0,0.55,13.0,53.0,0.2,0.5,0.6,1.6
2009,Patrick O'Bryant,BOS,26.0,0.0,1.5,1.3,0.3,4.2,0.516,0.0,0.667,7.0,27.0,0.1,0.3,0.7,1.1
2009,Patrick O'Bryant,TOR,13.0,3.0,4.7,2.5,0.2,11.3,0.547,0.0,0.375,6.0,26.0,0.2,0.8,0.4,2.5
2009,Jermaine O'Neal,TOT,68.0,61.0,13.3,6.4,1.8,29.8,0.474,0.0,0.788,126.0,307.0,0.4,2.0,2.1,3.1
2009,Jermaine O'Neal,TOR,41.0,34.0,13.5,7.0,1.6,29.7,0.473,0.0,0.81,71.0,217.0,0.4,2.0,2.2,3.2
2009,Jermaine O'Neal,MIA,27.0,27.0,13.0,5.4,2.0,30.0,0.475,0.0,0.75,55.0,90.0,0.4,2.0,1.9,3.0
2009,Shaquille O'Neal,PHO,75.0,75.0,17.8,8.4,1.7,30.0,0.609,0.0,0.595,187.0,446.0,0.7,1.4,2.2,3.4
2009,Fabricio Oberto,SAS,54.0,11.0,2.6,2.6,1.1,12.5,0.587,0.0,0.571,65.0,77.0,0.1,0.2,0.7,1.8
2009,Greg Oden,POR,61.0,39.0,8.9,7.0,0.5,21.5,0.564,0.0,0.637,169.0,255.0,0.4,1.1,1.4,3.9
2009,Lamar Odom,LAL,78.0,32.0,11.3,8.2,2.6,29.7,0.492,0.32,0.623,176.0,461.0,1.0,1.3,1.8,3.0
2009,Emeka Okafor,CHA,82.0,81.0,13.2,10.1,0.6,32.8,0.561,0.0,0.593,275.0,552.0,0.6,1.7,1.8,3.0
2009,Mehmet Okur,UTA,72.0,72.0,17.0,7.7,1.7,33.5,0.485,0.446,0.817,124.0,433.0,0.8,0.7,1.8,3.0
2009,Kevin Ollie,MIN,50.0,21.0,4.0,1.5,2.3,17.0,0.407,0.0,0.833,13.0,62.0,0.4,0.1,0.7,1.6
2009,Travis Outlaw,POR,81.0,6.0,12.8,4.1,1.0,27.7,0.453,0.377,0.723,70.0,261.0,0.6,0.7,1.2,2.1
2009,Zaza Pachulia,ATL,77.0,26.0,6.2,5.7,0.7,19.1,0.497,0.0,0.709,173.0,263.0,0.5,0.3,1.2,2.7
2009,Anthony Parker,TOR,80.0,71.0,10.7,4.0,3.4,33.0,0.426,0.39,0.834,45.0,272.0,1.2,0.2,1.4,1.8
2009,Tony Parker,SAS,72.0,71.0,22.0,3.1,6.9,34.1,0.506,0.292,0.782,27.0,196.0,0.9,0.1,2.6,1.5
2009,Chris Paul,NOH,78.0,78.0,22.8,5.5,11.0,38.5,0.503,0.364,0.868,69.0,363.0,2.8,0.1,3.0,2.7
2009,Sasha Pavlovic,CLE,66.0,12.0,4.6,1.9,1.1,16.0,0.422,0.41,0.463,31.0,96.0,0.3,0.2,0.7,1.8
2009,Oleksiy Pecherov,WAS,32.0,0.0,3.6,2.4,0.1,8.7,0.386,0.326,0.828,35.0,41.0,0.2,0.1,0.3,1.1
2009,Kendrick Perkins,BOS,76.0,76.0,8.5,8.1,1.3,29.6,0.577,0.0,0.6,204.0,415.0,0.3,2.0,2.2,3.3
2009,Morris Peterson,NOH,43.0,9.0,4.4,2.0,0.4,12.0,0.399,0.388,0.632,13.0,71.0,0.3,0.0,0.3,1.2
2009,Johan Petro,TOT,49.0,22.0,3.3,3.2,0.3,11.4,0.415,0.0,0.552,42.0,116.0,0.4,0.3,0.6,2.2
2009,Johan Petro,OKC,22.0,12.0,4.6,4.3,0.3,15.5,0.407,0.0,0.667,27.0,68.0,0.7,0.2,0.7,2.3
2009,Johan Petro,DEN,27.0,10.0,2.2,2.3,0.4,8.0,0.429,0.0,0.429,15.0,48.0,0.1,0.4,0.5,2.1
2009,Paul Pierce,BOS,81.0,81.0,20.5,5.6,3.6,37.5,0.457,0.391,0.83,56.0,401.0,1.0,0.3,2.8,2.7
2009,Mickael Pietrus,ORL,54.0,25.0,9.4,3.3,1.2,24.6,0.413,0.359,0.709,44.0,132.0,0.6,0.4,1.0,2.3
2009,James Posey,NOH,75.0,0.0,8.9,4.8,1.1,28.5,0.412,0.369,0.822,38.0,324.0,0.8,0.3,1.1,2.9
2009,Leon Powe,BOS,70.0,7.0,7.7,4.9,0.7,17.5,0.524,0.0,0.689,145.0,200.0,0.3,0.5,1.1,2.7
2009,Josh Powell,LAL,60.0,1.0,4.2,2.9,0.4,11.7,0.444,0.0,0.76,71.0,105.0,0.2,0.3,0.8,1.6
2009,Ronnie Price,UTA,52.0,17.0,4.0,1.3,2.1,14.2,0.379,0.311,0.756,12.0,57.0,0.8,0.1,1.2,1.4
2009,Tayshaun Prince,DET,82.0,82.0,14.2,5.8,3.1,37.3,0.45,0.397,0.778,128.0,348.0,0.5,0.6,1.2,1.3
2009,Gabe Pruitt,BOS,47.0,0.0,2.0,0.9,0.8,7.8,0.307,0.292,0.81,9.0,34.0,0.3,0.1,0.4,0.7
2009,Joel Przybilla,POR,82.0,43.0,5.5,8.7,0.3,23.8,0.625,0.0,0.663,204.0,513.0,0.4,1.2,1.0,2.6
2009,Chris Quinn,MIA,66.0,0.0,5.1,1.1,2.0,14.6,0.408,0.409,0.81,8.0,67.0,0.4,0.0,0.5,1.2
2009,Vladimir Radmanovic,TOT,78.0,31.0,6.9,2.8,1.0,18.5,0.421,0.401,0.741,45.0,177.0,0.6,0.2,1.3,1.4
2009,Vladimir Radmanovic,LAL,46.0,28.0,5.9,2.5,0.8,16.8,0.444,0.441,0.852,18.0,99.0,0.6,0.2,1.0,1.1
2009,Vladimir Radmanovic,CHA,32.0,3.0,8.3,3.3,1.3,21.1,0.401,0.357,0.645,27.0,78.0,0.6,0.2,1.6,1.9
2009,Anthony Randolph,GSW,63.0,22.0,7.9,5.8,0.8,17.9,0.462,0.0,0.716,128.0,235.0,0.7,1.2,1.3,2.2
2009,Shavlik Randolph,POR,10.0,0.0,1.8,1.8,0.0,3.7,0.615,1.0,0.25,10.0,8.0,0.0,0.1,0.6,0.4
2009,Zach Randolph,TOT,50.0,45.0,20.8,10.1,2.1,35.1,0.475,0.33,0.734,157.0,347.0,0.9,0.3,2.3,2.7
2009,Zach Randolph,NYK,11.0,11.0,20.5,12.5,1.4,35.3,0.434,0.292,0.821,40.0,97.0,1.2,0.3,2.1,2.5
2009,Zach Randolph,LAC,39.0,34.0,20.9,9.4,2.3,35.1,0.487,0.342,0.701,117.0,250.0,0.8,0.3,2.3,2.7
2009,Theo Ratliff,PHI,46.0,0.0,1.9,2.8,0.2,12.6,0.531,0.0,0.6,46.0,82.0,0.4,1.0,0.3,1.7
2009,Michael Redd,MIL,33.0,32.0,21.2,3.2,2.7,36.5,0.455,0.366,0.814,24.0,83.0,1.1,0.1,1.6,1.4
2009,J.J. Redick,ORL,64.0,5.0,6.0,1.7,1.1,17.4,0.391,0.374,0.871,8.0,101.0,0.3,0.0,0.8,1.1
2009,Jason Richardson,TOT,72.0,71.0,16.8,4.4,2.0,33.5,0.477,0.397,0.769,77.0,242.0,1.1,0.4,1.3,2.0
2009,Jason Richardson,CHA,14.0,14.0,18.7,4.1,2.6,35.1,0.441,0.458,0.745,13.0,45.0,1.0,0.2,1.7,3.1
2009,Jason Richardson,PHO,58.0,57.0,16.4,4.5,1.9,33.1,0.488,0.383,0.778,64.0,197.0,1.1,0.4,1.2,1.8
2009,Jeremy Richardson,ORL,12.0,0.0,3.1,1.2,0.2,7.8,0.286,0.353,0.5,1.0,13.0,0.0,0.0,0.2,0.5
2009,Quentin Richardson,NYK,72.0,51.0,10.2,4.4,1.6,26.3,0.393,0.365,0.761,71.0,248.0,0.7,0.1,1.0,1.8
2009,Luke Ridnour,MIL,72.0,50.0,9.6,3.0,5.1,28.2,0.403,0.35,0.869,33.0,185.0,1.3,0.2,1.8,2.8
2009,Anthony Roberson,TOT,29.0,0.0,4.1,0.8,0.7,9.5,0.367,0.321,1.0,6.0,16.0,0.3,0.0,0.3,0.6
2009,Anthony Roberson,NYK,23.0,0.0,4.7,0.7,0.8,11.0,0.379,0.338,1.0,4.0,11.0,0.4,0.0,0.3,0.8
2009,Anthony Roberson,CHI,6.0,0.0,2.0,1.2,0.2,3.8,0.294,0.2,0.0,2.0,5.0,0.0,0.0,0.2,0.0
2009,Nate Robinson,NYK,74.0,11.0,17.2,3.9,4.1,29.9,0.437,0.325,0.841,98.0,192.0,1.3,0.1,1.9,2.8
2009,Sergio Rodriguez,POR,80.0,13.0,4.4,1.6,3.6,15.3,0.392,0.325,0.792,43.0,87.0,0.7,0.0,1.5,1.7
2009,Rajon Rondo,BOS,80.0,80.0,11.9,5.2,8.2,33.0,0.505,0.313,0.642,100.0,316.0,1.9,0.1,2.6,2.4
2009,Derrick Rose,CHI,81.0,80.0,16.8,3.9,6.3,37.0,0.475,0.222,0.788,96.0,221.0,0.8,0.2,2.5,1.5
2009,Malik Rose,TOT,38.0,0.0,3.4,2.5,0.9,12.4,0.344,0.0,0.784,17.0,79.0,0.3,0.1,0.9,1.9
2009,Malik Rose,NYK,18.0,0.0,1.7,1.7,0.6,8.9,0.268,0.0,0.727,4.0,27.0,0.1,0.1,0.9,1.3
2009,Malik Rose,OKC,20.0,0.0,5.0,3.2,1.3,15.5,0.378,0.0,0.8,13.0,52.0,0.4,0.1,1.0,2.4
2009,Quinton Ross,MEM,68.0,7.0,3.9,1.9,0.7,17.1,0.382,0.375,0.81,29.0,97.0,0.5,0.2,0.5,1.7
2009,Brandon Roy,POR,78.0,78.0,22.6,4.7,5.1,37.2,0.48,0.377,0.824,104.0,266.0,1.1,0.3,1.9,1.6
2009,Michael Ruffin,POR,11.0,0.0,0.5,1.0,0.0,3.2,0.286,0.0,1.0,6.0,5.0,0.3,0.1,0.2,0.6
2009,Brandon Rush,IND,75.0,19.0,8.1,3.1,0.9,24.0,0.423,0.373,0.697,34.0,199.0,0.5,0.5,1.0,1.7
2009,Kareem Rush,PHI,25.0,1.0,2.2,0.6,0.6,8.0,0.345,0.303,1.0,0.0,15.0,0.2,0.0,0.4,0.4
2009,John Salmons,TOT,79.0,74.0,18.3,4.2,3.2,37.5,0.472,0.417,0.83,59.0,274.0,1.1,0.3,2.1,2.3
2009,John Salmons,SAC,53.0,53.0,18.3,4.2,3.7,37.4,0.472,0.418,0.823,43.0,178.0,1.1,0.2,2.3,2.3
2009,John Salmons,CHI,26.0,21.0,18.3,4.3,2.0,37.7,0.473,0.415,0.843,16.0,96.0,1.0,0.6,1.7,2.3
2009,Cheikh Samb,TOT,18.0,0.0,0.8,1.3,0.1,4.6,0.188,0.0,0.429,10.0,14.0,0.2,0.6,0.2,0.4
2009,Cheikh Samb,DEN,6.0,0.0,0.7,1.5,0.2,4.0,0.154,0.0,0.0,2.0,7.0,0.3,0.8,0.3,0.7
2009,Cheikh Samb,LAC,10.0,0.0,1.1,1.3,0.0,5.1,0.25,0.0,0.6,7.0,6.0,0.1,0.5,0.1,0.3
2009,Cheikh Samb,NYK,2.0,0.0,0.0,1.0,0.0,4.0,0.0,0.0,0.0,1.0,1.0,0.0,0.0,0.0,0.0
2009,Brian Scalabrine,BOS,39.0,8.0,3.5,1.3,0.5,12.9,0.421,0.393,0.889,7.0,43.0,0.2,0.3,0.3,1.9
2009,Luis Scola,HOU,82.0,82.0,12.7,8.8,1.5,30.3,0.531,0.0,0.76,200.0,520.0,0.8,0.1,1.5,3.2
2009,Thabo Sefolosha,TOT,66.0,36.0,5.9,3.7,1.7,22.0,0.426,0.276,0.836,54.0,188.0,1.1,0.7,1.0,1.6
2009,Thabo Sefolosha,CHI,43.0,14.0,4.5,2.9,1.5,17.1,0.434,0.3,0.84,26.0,97.0,0.8,0.4,0.9,1.2
2009,Thabo Sefolosha,OKC,23.0,22.0,8.5,5.2,2.0,31.2,0.417,0.243,0.833,28.0,91.0,1.7,1.1,1.2,2.3
2009,Mouhamed Sene,TOT,6.0,0.0,3.3,2.3,0.0,4.8,0.667,0.0,0.8,5.0,9.0,0.2,0.5,0.7,0.3
2009,Mouhamed Sene,OKC,5.0,0.0,3.4,1.8,0.0,4.6,0.714,0.0,0.778,3.0,6.0,0.2,0.4,0.6,0.4
2009,Mouhamed Sene,NYK,1.0,0.0,3.0,5.0,0.0,6.0,0.5,0.0,1.0,2.0,3.0,0.0,1.0,1.0,0.0
2009,Ramon Sessions,MIL,79.0,39.0,12.4,3.4,5.7,27.5,0.445,0.176,0.794,64.0,205.0,1.1,0.1,1.9,2.0
2009,Walter Sharpe,DET,8.0,0.0,1.0,0.4,0.0,2.5,0.364,0.0,0.0,0.0,3.0,0.0,0.2,0.0,0.4
2009,Bobby Simmons,NJN,71.0,44.0,7.8,3.9,1.3,24.4,0.449,0.447,0.741,72.0,205.0,0.7,0.1,0.9,2.6
2009,Cedric Simmons,TOT,18.0,0.0,1.6,0.9,0.1,4.7,0.44,0.0,0.438,5.0,11.0,0.1,0.2,0.1,0.4
2009,Cedric Simmons,CHI,11.0,0.0,2.5,1.1,0.2,5.5,0.524,0.0,0.429,4.0,8.0,0.1,0.4,0.0,0.5
2009,Cedric Simmons,SAC,7.0,0.0,0.1,0.6,0.0,3.3,0.0,0.0,0.5,1.0,3.0,0.0,0.0,0.3,0.3
2009,Courtney Sims,TOT,2.0,0.0,3.0,2.0,0.0,6.5,0.5,0.0,0.0,2.0,2.0,0.0,0.0,0.5,0.5
2009,Courtney Sims,PHO,1.0,0.0,0.0,0.0,0.0,2.0,0.0,0.0,0.0,0.0,0.0,0.0,0.0,1.0,0.0
2009,Courtney Sims,NYK,1.0,0.0,6.0,4.0,0.0,11.0,0.5,0.0,0.0,2.0,2.0,0.0,0.0,0.0,1.0
2009,Sean Singletary,TOT,37.0,2.0,2.4,0.9,0.8,8.2,0.365,0.4,0.857,10.0,25.0,0.3,0.0,0.6,1.2
2009,Sean Singletary,PHO,13.0,1.0,2.6,1.2,0.9,9.4,0.324,0.4,1.0,5.0,11.0,0.5,0.0,0.4,1.1
2009,Sean Singletary,CHA,24.0,1.0,2.3,0.8,0.7,7.5,0.396,0.4,0.8,5.0,14.0,0.2,0.0,0.8,1.3
2009,James Singleton,DAL,62.0,6.0,5.1,4.0,0.3,14.3,0.529,0.325,0.859,89.0,161.0,0.4,0.5,0.6,1.8
2009,Brian Skinner,LAC,51.0,21.0,4.2,4.0,0.5,16.5,0.449,0.0,0.638,72.0,131.0,0.3,1.0,0.8,1.8
2009,Craig Smith,MIN,74.0,31.0,10.1,3.8,1.1,19.7,0.562,0.0,0.677,98.0,186.0,0.4,0.3,1.4,2.5
2009,J.R. Smith,DEN,81.0,18.0,15.2,3.7,2.8,27.7,0.446,0.397,0.754,43.0,254.0,1.0,0.2,1.9,2.3
2009,Joe Smith,TOT,57.0,3.0,6.6,4.6,0.7,19.3,0.468,0.429,0.72,89.0,174.0,0.3,0.7,0.4,2.1
2009,Joe Smith,OKC,36.0,3.0,6.6,4.5,0.7,19.2,0.454,0.5,0.704,53.0,110.0,0.3,0.7,0.4,2.0
2009,Joe Smith,CLE,21.0,0.0,6.5,4.8,0.8,19.6,0.496,0.333,0.75,36.0,64.0,0.3,0.7,0.5,2.4
2009,Josh Smith,ATL,69.0,69.0,15.6,7.2,2.4,35.1,0.492,0.299,0.588,134.0,364.0,1.4,1.6,2.3,2.7
2009,Will Solomon,TOT,53.0,9.0,5.0,1.2,2.5,13.4,0.429,0.326,0.735,12.0,52.0,0.5,0.1,1.0,1.3
2009,Will Solomon,TOR,39.0,9.0,4.9,1.1,3.2,13.9,0.436,0.263,0.833,9.0,34.0,0.5,0.1,1.3,1.5
2009,Will Solomon,SAC,14.0,0.0,5.0,1.5,0.7,12.0,0.406,0.448,0.5,3.0,18.0,0.5,0.0,0.4,0.8
2009,Darius Songaila,WAS,77.0,29.0,7.4,2.9,1.2,19.8,0.532,0.0,0.889,75.0,152.0,0.8,0.3,1.0,2.6
2009,Marreese Speights,PHI,79.0,2.0,7.7,3.7,0.4,16.0,0.502,0.25,0.773,123.0,170.0,0.3,0.7,0.6,2.3
2009,Jerry Stackhouse,DAL,10.0,1.0,4.2,1.7,1.2,16.2,0.267,0.158,1.0,5.0,12.0,0.4,0.1,0.9,0.6
2009,DeShawn Stevenson,WAS,32.0,25.0,6.6,2.4,3.1,27.7,0.312,0.271,0.533,11.0,65.0,0.7,0.1,1.0,1.3
2009,Peja Stojakovic,NOH,61.0,59.0,13.3,4.3,1.2,34.2,0.399,0.378,0.894,44.0,220.0,0.9,0.0,0.8,1.7
2009,Amar'e Stoudemire,PHO,53.0,53.0,21.4,8.1,2.0,36.8,0.539,0.429,0.835,116.0,314.0,0.9,1.1,2.8,3.1
2009,Rodney Stuckey,DET,79.0,65.0,13.4,3.5,4.9,31.9,0.439,0.295,0.803,69.0,206.0,1.0,0.1,2.2,2.7
2009,Robert Swift,OKC,26.0,10.0,3.3,3.4,0.3,13.2,0.521,0.0,0.75,21.0,68.0,0.2,0.7,0.3,1.9
2009,Stromile Swift,TOT,19.0,0.0,3.3,2.4,0.2,9.7,0.429,1.0,0.5,16.0,30.0,0.2,0.4,0.8,2.1
2009,Stromile Swift,NJN,6.0,0.0,3.8,2.2,0.2,10.7,0.6,0.0,0.455,5.0,8.0,0.0,0.3,1.2,2.5
2009,Stromile Swift,PHO,13.0,0.0,3.0,2.5,0.2,9.3,0.366,1.0,0.533,11.0,22.0,0.3,0.5,0.7,1.9
2009,Wally Szczerbiak,CLE,74.0,5.0,7.0,3.1,1.1,20.6,0.45,0.411,0.849,43.0,189.0,0.4,0.1,0.7,1.8
2009,Mike Taylor,LAC,51.0,5.0,5.7,1.7,2.1,15.1,0.412,0.325,0.691,22.0,65.0,0.7,0.0,1.4,1.6
2009,Sebastian Telfair,MIN,75.0,43.0,9.8,1.7,4.6,27.9,0.383,0.346,0.819,32.0,95.0,1.0,0.2,1.9,2.5
2009,Jason Terry,DAL,74.0,11.0,19.6,2.4,3.4,33.7,0.463,0.366,0.88,39.0,138.0,1.3,0.3,1.6,1.9
2009,Etan Thomas,WAS,26.0,7.0,3.1,2.5,0.2,11.8,0.485,0.0,0.696,25.0,41.0,0.1,0.7,0.7,1.3
2009,Kenny Thomas,SAC,8.0,0.0,0.8,1.9,0.1,7.8,0.375,0.0,0.0,4.0,11.0,0.8,0.1,0.1,1.1
2009,Kurt Thomas,SAS,79.0,10.0,4.3,5.1,0.8,17.8,0.503,0.0,0.822,134.0,271.0,0.4,0.7,0.5,2.2
2009,Tim Thomas,TOT,64.0,6.0,8.5,3.1,1.1,19.5,0.432,0.413,0.736,42.0,159.0,0.5,0.2,1.1,2.2
2009,Tim Thomas,LAC,10.0,5.0,9.5,4.6,1.0,22.0,0.378,0.3,0.618,14.0,32.0,0.3,0.1,1.4,2.6
2009,Tim Thomas,NYK,36.0,1.0,9.6,3.1,1.3,21.5,0.461,0.421,0.806,20.0,93.0,0.6,0.3,1.3,2.5
2009,Tim Thomas,CHI,18.0,0.0,5.8,2.3,0.7,14.1,0.4,0.442,0.7,8.0,34.0,0.3,0.0,0.6,1.5
2009,Tyrus Thomas,CHI,79.0,61.0,10.8,6.4,1.0,27.5,0.451,0.333,0.783,148.0,360.0,1.2,1.9,1.6,2.8
2009,Jason Thompson,SAC,82.0,56.0,11.1,7.4,1.1,28.1,0.497,0.0,0.692,234.0,372.0,0.6,0.7,1.8,3.8
2009,Al Thornton,LAC,71.0,67.0,16.8,5.2,1.5,37.4,0.446,0.253,0.754,122.0,246.0,0.8,0.9,1.8,3.2
2009,Anthony Tolliver,SAS,19.0,0.0,2.7,2.2,0.9,10.9,0.292,0.22,0.5,12.0,29.0,0.3,0.1,0.4,0.8
2009,Alando Tucker,PHO,30.0,1.0,4.6,1.0,0.4,9.4,0.43,0.348,0.788,19.0,12.0,0.2,0.0,0.5,0.5
2009,Ronny Turiaf,GSW,79.0,26.0,5.9,4.6,2.1,21.5,0.508,0.0,0.79,88.0,272.0,0.4,2.1,0.9,3.1
2009,Hedo Turkoglu,ORL,77.0,77.0,16.8,5.3,4.9,36.6,0.413,0.356,0.807,45.0,365.0,0.8,0.2,2.6,2.8
2009,Ime Udoka,SAS,67.0,3.0,4.3,2.8,0.8,15.4,0.383,0.328,0.609,28.0,159.0,0.5,0.2,0.6,1.3
2009,Beno Udrih,SAC,73.0,72.0,11.0,3.0,4.7,31.1,0.461,0.31,0.82,46.0,174.0,1.1,0.2,2.2,2.6
2009,Roko Ukic,TOR,72.0,0.0,4.2,1.0,2.1,12.4,0.38,0.177,0.733,27.0,48.0,0.4,0.0,0.8,1.1
2009,Anderson Varejao,CLE,81.0,42.0,8.6,7.2,1.0,28.5,0.536,0.0,0.616,166.0,415.0,0.9,0.8,1.0,3.0
2009,Jacque Vaughn,SAS,30.0,0.0,2.2,0.7,1.8,9.7,0.32,1.0,0.889,4.0,18.0,0.2,0.0,0.5,0.9
2009,Charlie Villanueva,MIL,78.0,47.0,16.2,6.7,1.8,26.9,0.447,0.345,0.838,154.0,366.0,0.6,0.7,1.8,3.3
2009,Jake Voskuhl,TOR,38.0,1.0,0.9,1.6,0.2,6.3,0.267,0.0,0.786,21.0,38.0,0.1,0.1,0.4,1.6
2009,Sasha Vujacic,LAL,80.0,0.0,5.8,1.7,1.4,16.2,0.387,0.363,0.921,19.0,116.0,1.0,0.1,0.4,1.9
2009,Dwyane Wade,MIA,79.0,79.0,30.2,5.0,7.5,38.6,0.491,0.317,0.765,89.0,309.0,2.2,1.3,3.4,2.3
2009,Von Wafer,HOU,63.0,11.0,9.7,1.8,1.1,19.4,0.447,0.39,0.752,19.0,94.0,0.6,0.1,0.9,1.1
2009,Henry Walker,BOS,29.0,0.0,3.0,1.0,0.4,7.4,0.621,0.0,0.696,8.0,21.0,0.2,0.1,0.6,1.8
2009,Ben Wallace,CLE,56.0,53.0,2.9,6.5,0.8,23.5,0.445,0.0,0.422,136.0,226.0,0.9,1.3,0.6,1.5
2009,Gerald Wallace,CHA,71.0,71.0,16.6,7.8,2.7,37.6,0.48,0.298,0.804,112.0,441.0,1.7,0.9,2.1,3.0
2009,Rasheed Wallace,DET,66.0,63.0,12.0,7.4,1.4,32.2,0.419,0.354,0.772,56.0,434.0,0.9,1.3,0.9,3.0
2009,Luke Walton,LAL,65.0,34.0,5.0,2.8,2.7,17.9,0.436,0.298,0.719,55.0,125.0,0.5,0.2,1.1,1.6
2009,Hakim Warrick,MEM,82.0,7.0,11.6,5.0,0.8,24.7,0.491,0.217,0.711,129.0,277.0,0.6,0.5,1.2,2.1
2009,C.J. Watson,GSW,77.0,18.0,9.5,2.5,2.7,24.5,0.457,0.4,0.87,39.0,153.0,1.2,0.1,1.2,1.8
2009,Earl Watson,OKC,68.0,18.0,6.6,2.7,5.8,26.1,0.384,0.235,0.755,36.0,147.0,0.7,0.2,2.3,2.0
2009,Kyle Weaver,OKC,56.0,19.0,5.3,2.3,1.8,20.8,0.459,0.344,0.707,31.0,99.0,0.8,0.4,1.2,1.4
2009,Martell Webster,POR,1.0,0.0,0.0,0.0,0.0,5.0,0.0,0.0,0.0,0.0,0.0,0.0,0.0,0.0,0.0
2009,Sonny Weems,DEN,12.0,0.0,1.6,0.3,0.2,4.6,0.32,0.0,0.375,0.0,4.0,0.1,0.0,0.5,0.7
2009,David West,NOH,76.0,76.0,21.0,8.5,2.3,39.2,0.472,0.24,0.884,160.0,486.0,0.6,0.9,2.1,2.7
2009,Delonte West,CLE,64.0,64.0,11.7,3.2,3.5,33.6,0.457,0.399,0.833,31.0,172.0,1.5,0.2,1.4,2.0
2009,Mario West,ATL,53.0,3.0,0.8,1.1,0.4,5.1,0.412,1.0,0.467,24.0,32.0,0.3,0.1,0.2,0.7
2009,Russell Westbrook,OKC,82.0,65.0,15.3,4.9,5.3,32.5,0.398,0.271,0.815,178.0,221.0,1.3,0.2,3.3,2.3
2009,D.J. White,OKC,7.0,0.0,8.9,4.6,0.9,18.6,0.52,0.0,0.769,10.0,22.0,0.4,0.7,0.4,1.4
2009,James White,HOU,4.0,0.0,1.8,0.0,0.2,2.8,0.6,0.5,0.0,0.0,0.0,0.2,0.2,0.8,0.5
2009,Chris Wilcox,TOT,62.0,6.0,7.2,4.5,0.8,16.9,0.497,0.0,0.564,96.0,181.0,0.4,0.3,1.2,2.2
2009,Chris Wilcox,OKC,37.0,6.0,8.4,5.3,0.9,19.4,0.485,0.0,0.598,65.0,130.0,0.5,0.3,1.5,2.4
2009,Chris Wilcox,NYK,25.0,0.0,5.4,3.3,0.6,13.2,0.529,0.0,0.509,31.0,51.0,0.3,0.2,0.8,1.9
2009,Damien Wilkins,OKC,41.0,14.0,5.3,1.7,0.9,15.5,0.362,0.375,0.804,20.0,50.0,0.5,0.2,0.9,1.3
2009,Deron Williams,UTA,68.0,68.0,19.4,2.9,10.7,36.8,0.471,0.31,0.849,24.0,171.0,1.1,0.3,3.4,2.0
2009,Jawad Williams,CLE,10.0,0.0,1.2,0.2,0.0,2.0,0.417,0.333,0.0,1.0,1.0,0.1,0.0,0.1,0.2
2009,Lou Williams,PHI,81.0,0.0,12.8,2.0,3.0,23.7,0.398,0.286,0.79,36.0,129.0,1.0,0.2,1.9,1.6
2009,Marcus Williams,GSW,9.0,0.0,1.3,0.4,1.4,6.0,0.235,0.333,0.333,0.0,4.0,0.1,0.1,0.4,0.7
2009,Marcus Williams,SAS,2.0,0.0,2.0,0.0,0.0,1.5,1.0,0.0,0.0,0.0,0.0,0.0,0.0,0.0,0.5
2009,Marvin Williams,ATL,61.0,59.0,13.9,6.3,1.3,34.3,0.458,0.355,0.806,110.0,272.0,0.9,0.6,1.1,2.1
2009,Mo Williams,CLE,81.0,81.0,17.8,3.4,4.1,35.0,0.467,0.436,0.912,47.0,232.0,0.9,0.1,2.2,2.7
2009,Sean Williams,NJN,33.0,0.0,2.4,2.4,0.4,11.1,0.417,0.0,0.625,34.0,45.0,0.2,0.9,0.6,2.2
2009,Shawne Williams,DAL,15.0,0.0,2.8,3.1,0.1,11.3,0.286,0.059,0.818,19.0,27.0,0.1,0.6,0.3,1.3
2009,Shelden Williams,TOT,45.0,0.0,4.1,3.4,0.3,11.4,0.446,0.0,0.73,49.0,104.0,0.5,0.4,0.8,1.4
2009,Shelden Williams,SAC,30.0,0.0,3.7,2.6,0.3,10.2,0.449,0.0,0.762,25.0,53.0,0.4,0.3,0.9,1.2
2009,Shelden Williams,MIN,15.0,0.0,4.9,5.0,0.3,13.8,0.441,0.0,0.667,24.0,51.0,0.7,0.5,0.5,1.9
2009,Metta World,HOU,69.0,55.0,17.1,5.2,3.3,35.5,0.401,0.399,0.748,65.0,294.0,1.5,0.3,2.0,2.2
2009,Antoine Wright,DAL,65.0,53.0,7.3,2.1,1.2,23.9,0.415,0.302,0.747,31.0,105.0,0.7,0.4,0.8,2.6
2009,Brandan Wright,GSW,39.0,23.0,8.3,4.0,0.5,17.6,0.528,0.0,0.741,62.0,95.0,0.6,0.9,0.6,1.9
2009,Dorell Wright,MIA,6.0,0.0,3.0,3.3,0.3,12.2,0.4,0.0,0.333,2.0,18.0,0.3,0.0,1.0,1.3
2009,Julian Wright,NOH,54.0,19.0,4.4,2.8,0.8,14.3,0.466,0.095,0.567,46.0,106.0,0.6,0.4,0.8,0.9
2009,Lorenzen Wright,CLE,17.0,2.0,1.4,1.5,0.2,7.4,0.37,0.0,0.375,7.0,18.0,0.2,0.3,0.5,1.0
2009,Nick Young,WAS,82.0,5.0,10.9,1.8,1.2,22.4,0.444,0.341,0.85,31.0,119.0,0.5,0.2,1.1,1.7
2009,Thaddeus Young,PHI,75.0,71.0,15.3,5.0,1.1,34.4,0.495,0.341,0.735,139.0,238.0,1.3,0.3,1.6,2.2
2009,Sun Yue,LAL,10.0,0.0,0.6,0.0,0.2,2.8,0.273,0.0,0.0,0.0,0.0,0.1,0.1,0.3,1.0
